GENSET_ID,DIREKCIJA,NAZIV_OBJEKTA,SNAGA_KVA,PROIZVODJAC,TIP_AGREGATA,UPRAVLJACKA,NADZOR,IP_ADRESA,IZVEDBA,KAP_SPREMNIKA_L,SERIJSKI_BROJ,GODINA_PROIZV,STATUS_INVENTAR,MATCH_CONF,MATCH_METHOD,NE_NE_NAME_AGG,NE_LOKACIJA_AGG,NE_LONGITUDE_DECIMAL_AGG,NE_LATITUDE_DECIMAL_AGG,NE_TEHNOLOGIJA_AGG,NE_STATUS_AGG,PLAN_NAZIV,DIREKCIJA_PLAN,ENTITET,OPCINA,PRIORITET,PROSTOR_MONTAZA,DOZVOLA,STATUS_REALIZACIJE,NE_NE_NAME_PLAN,NE_LOKACIJA_PLAN,NE_LONGITUDE_DECIMAL_PLAN,NE_LATITUDE_DECIMAL_PLAN,NE_TEHNOLOGIJA_PLAN,NE_STATUS_PLAN,COORDS_VALID
100084.0,TUZLA,BRATILO,"33,00",FG WILSON,P33-3,DSE 7420,DA,10.10.2.47,U IZOL. KUĆIŠTU,500.0,FGWPEP21VAMU06442,2016,EXISTING,100,FUZZY,BRATILO,Bratilo - Kladanj,18.72697873,44.21962674,GSM/UMTS/LTE,1.0,,,,,,,,,,,,,,,False
100075.0,TUZLA,SREBRENIK,"80,00",TESSARI,IDGS-IVE80/PTT,RGK60,DA,,U IZOL. KUĆIŠTU,400.0,13601-1017,1996,EXISTING,86,FUZZY,SREBRENIK_BREZIK,Srebrenik Brezik,18.57167685,44.65143197,GSM/LTE,1.0,,,,,,,,,,,,,,,False
100150.0,TUZLA,BOSANSKA POLJANA,"72,50",MATISA,P-75 SS,RGK60,NE,,U IZOL. KUĆIŠTU,200.0,2001.49.2065,2001,EXISTING,84,FUZZY,PTI29_BOSANSKA_POLJANA,Bosanska Poljana,18.57833845,44.51292111,GSM/UMTS/LTE,1.0,,,,,,,,,,,,,,,False
100034.0,TRAVNIK,BABANOVAC,"4,50",ACME,ADN43W,,NE,,MOBILNI,5.0,3088144,1998,EXISTING,82,FUZZY,TRAVNIK_NOVA_BILA,Travnik Nova bila,17.73778669,44.21312488,GSM/LTE,1.0,,,,,,,,,,,,,,,False
100044.0,BIHAĆ,VELIKA GOMILA,"70,00",MATISA,P 70 MAT,RGK 60,DA,,STACIONARNI,10000.0,3712H07A,2003,EXISTING,81,FUZZY,VELIKA_GOMILA,Velika Gomila,16.05315333,44.92178065,GSM/LTE,1.0,,,,,,,,,,,,,,,False
100074.0,TUZLA,KALESIJA,"27,50",MATISA,P27 SS,TE803,DA,,U IZOL. KUĆIŠTU,450.0,107,2002,EXISTING,81,FUZZY,ZATESI_KALESIJA,Zatesi Kalesija,18.79094627,44.44565629,GSM/LTE,1.0,,,,,,,,,,,,,,,False
100025.0,MOSTAR,NOVI TKC,"360,00",ZORDAN-ITALY,3061SRI2505A550,DSE 7320,DA,,STACIONARNI,10000.0,,2010,EXISTING,80,FUZZY,MOSTAR_TKC,Mostar TKC,17.81191087,43.35214666,GSM/UMTS/LTE,1.0,,,,,,,,,,,,,,,False
100027.0,MOSTAR,NOVI TKC,"6,00",HONDA,ECT 7000,,NE,,MOBILNI,5.0,,2011,EXISTING,80,FUZZY,MOSTAR_TKC,Mostar TKC,17.81191087,43.35214666,GSM/UMTS/LTE,1.0,,,,,,,,,,,,,,,False
100028.0,MOSTAR,NOVI TKC,"6,00",HONDA,ECT 7000,,NE,,MOBILNI,5.0,,2011,EXISTING,80,FUZZY,MOSTAR_TKC,Mostar TKC,17.81191087,43.35214666,GSM/UMTS/LTE,1.0,,,,,,,,,,,,,,,False
100109.0,SARAJEVO,GRDONJ,"33,00",ULUGUC,UG-PR33,DATAKOM D500,DA,10.41.0.247,U IZOL. KUĆIŠTU,500.0,P2018033001,2018,EXISTING,80,FUZZY,GRUDE_CENTAR,Grude Centar,17.41427897,43.37275533,GSM/LTE,1.0,,,,,,,,,,,,,,,False
100125.0,TUZLA,JANJA,"33,00",ULUGUC,UG-PR33,DATAKOM D500,DA,10.10.2.24,U IZOL. KUĆIŠTU,500.0,P2018033002,2018,EXISTING,80,FUZZY,BIJELJINA_GALAC,Bijeljina Galac,19.21982566,44.75277772,GSM/LTE,1.0,,,,,,,,,,,,,,,False
100085.0,TUZLA,SAPNA CENTAR,"15,00",MATISA,P33,RGK60,NE,,STACIONARNI,450.0,NEMA,NEMA,EXISTING,80,FUZZY,SAPNA_CENTAR,Sapna centar,19.00154902,44.49274928,GSM/UMTS/LTE,1.0,,,,,,,,,,,,,,,False
100009.0,SARAJEVO,BUKOVIK,"80,00",KUNER/TESSARI,IDGS-IVE80/PTT,DSE 7420,DA,10.41.1.137,STACIONARNI,1000.0,C 073498/07,1997,EXISTING,79,FUZZY,LUKAVICA_SARAJEVO,LUKAVICA SARAJEVO,18.3663519,43.81687071,GSM/LTE,1.0,,,,,,,,,,,,,,,False
100033.0,TRAVNIK,VRANA,"18,00",FG WILSON,P18-4,DSE 7420,DA,10.10.6.3,STACIONARNI,600.0,250586/003,2010,EXISTING,79,FUZZY,VRBASKO_BUGOJNO,Vrbasko Bugojno,17.450914,44.05253608,GSM/UMTS/LTE,1.0,,,,,,,,,,,,,,,False
100136.0,TUZLA,KVARC,"33,00",FG WILSON,P33-1,DSE 7420,DA,10.10.2.25,STACIONARNI,300.0,FGWPEP21CAMU04883,2015,EXISTING,79,FUZZY,SREBRENICA_CENTAR,Srebrenica Centar,19.29989584,44.10277715,GSM/LTE,1.0,,,,,,,,,,,,,,,False
100024.0,MOSTAR,JABLANICA,"22,00",FG WILSON,DH 22 E 2,,NE,,STACIONARNI,200.0,,,EXISTING,78,FUZZY,JABLANICA_SLATINA,JABLANICA SLATINA,17.71773878,43.70786221,GSM/LTE,1.0,,,,,,,,,,,,,,,False
100022.0,MOSTAR,POTOCI,"30,00",CTM,LD 30 /W2,560-149,NE,,STACIONARNI,50.0,A0686D / 001,1995,EXISTING,78,FUZZY,MOPTT,Mostar PTT,17.81296231,43.34341969,GSM/UMTS/LTE,1.0,,,,,,,,,,,,,,,False
100016.0,MOSTAR,TKC ISKRA,"125,00",TESSARI,IDGS-IVE125 / MK,,NE,,U IZOL. KUĆIŠTU,200.0,,1996,EXISTING,77,FUZZY,MOSTAR_TKC,Mostar TKC,17.81191087,43.35214666,GSM/UMTS/LTE,1.0,,,,,,,,,,,,,,,False
100030.0,TRAVNIK,TRAVNIK,"150,00",FG WILSON,P150E,DSE 7410 MKII,DA,10.10.6.4,STACIONARNI,300.0,FGWPEP05TC0A14394,2009,EXISTING,77,FUZZY,TKC_TRAVNIK,TKC Travnik,17.658949,44.226921,GSM/UMTS/LTE,1.0,,,,,,,,,,,,,,,False
100107.0,TRAVNIK,TRAVNIK,"13,80",FG WILSON,P13.5-4,DCP10M,NE,,MOBILNI,60.0,FGWPEP15KD3L02351,2009,EXISTING,77,FUZZY,TKC_TRAVNIK,TKC Travnik,17.658949,44.226921,GSM/UMTS/LTE,1.0,,,,,,,,,,,,,,,False
100102.0,ZENICA, ZENICA,"5,00",GENELEC,DG6000LE-3,,NE,,MOBILNI,5.0,,2014,EXISTING,77,FUZZY,ZENICA_CENTAR,Zenica centar,17.91095621,44.21131057,GSM/UMTS/LTE,1.0,,,,,,,,,,,,,,,False
100103.0,ZENICA, ZENICA,"5,00",GENELEC,DG6000LE-3,,NE,,MOBILNI,5.0,,2014,EXISTING,77,FUZZY,ZENICA_CENTAR,Zenica centar,17.91095621,44.21131057,GSM/UMTS/LTE,1.0,,,,,,,,,,,,,,,False
100093.0,ZENICA,LISAC,"100,00",KUNER/TESSARI,IDGS-IVE80/PTT,TE6331/1,NE,,STACIONARNI,500.0,304986,1996,EXISTING,77,FUZZY,ZENICA_BLATUSA,Zenica Blatusa,17.91833797,44.209355,GSM/LTE,1.0,,,,,,,,,,,,,,,False
100092.0,ZENICA,ZENICA,"450,00",MATISA,P450 AU WIN,TE 803,NE,,STACIONARNI,2000.0,P212-001/01,2001,EXISTING,77,FUZZY,ZENICA_CENTAR,Zenica centar,17.91095621,44.21131057,GSM/UMTS/LTE,1.0,,,,,,,,,,,,,,,False
100144.0,ZENICA,ZENICA,"550,00",FG WILSON,P550-3,DSE 8610 MKII,DA,10.10.20.110,U IZOL. KUĆIŠTU,500.0,,2022,EXISTING,77,FUZZY,ZENICA_CENTAR,Zenica centar,17.91095621,44.21131057,GSM/UMTS/LTE,1.0,,,,,,,,,,,,,,,False
100145.0,ZENICA,ZENICA,"550,00",FG WILSON,P550-3,DSE 8610 MKII,DA,10.10.20.111,U IZOL. KUĆIŠTU,500.0,,2022,EXISTING,77,FUZZY,ZENICA_CENTAR,Zenica centar,17.91095621,44.21131057,GSM/UMTS/LTE,1.0,,,,,,,,,,,,,,,False
100049.0,BIHAĆ,US GORNJA SANICA,"10,00",MATISA,B10000TDE,,NE,,MOBILNI,10.0,MT2153,2005,EXISTING,76,FUZZY,GORNJA_JOSANICA,Gornja Josanica,18.34696631,43.90377424,GSM/UMTS/LTE,1.0,,,,,,,,,,,,,,,False
100063.0,BIHAĆ,SUHAČA,"13,30",MATISA,PS1-14AD-ATL,RGK 60,NE,,STACIONARNI,3000.0,,2010,EXISTING,76,FUZZY,SANSKI_MOST_SEHOVCI,Sanski Most Sehovci,16.67651797,44.77806382,GSM/LTE,1.0,,,,,,,,,,,,,,,False
100064.0,BIHAĆ,SUHAČA,"13,30",MATISA,PS1-14AD-ATL,RGK 60,NE,,STACIONARNI,3000.0,,2010,EXISTING,76,FUZZY,SANSKI_MOST_SEHOVCI,Sanski Most Sehovci,16.67651797,44.77806382,GSM/LTE,1.0,,,,,,,,,,,,,,,False
100007.0,SARAJEVO,HRASNICA,"80,00",KUNER/TESSARI,IDGS-IVE80/PTT,DA,DA,,STACIONARNI,460.0,,1997,EXISTING,76,FUZZY,LUKAVICA_SARAJEVO,LUKAVICA SARAJEVO,18.3663519,43.81687071,GSM/LTE,1.0,,,,,,,,,,,,,,,False
100031.0,TRAVNIK,TUŠNICA,"27,00",FG WILSON,P27SS,,NE,,STACIONARNI,175.0,,2002,EXISTING,76,FUZZY,TOMISLAVGRAD_JANCARICA,TOMISLAVGRAD JANCARICA,17.22626259,43.73077744,GSM/LTE,1.0,,,,,,,,,,,,,,,False
100032.0,TRAVNIK,TUŠNICA,"27,00",FG WILSON,P27SS,,NE,,STACIONARNI,175.0,,2002,EXISTING,76,FUZZY,TOMISLAVGRAD_JANCARICA,TOMISLAVGRAD JANCARICA,17.22626259,43.73077744,GSM/LTE,1.0,,,,,,,,,,,,,,,False
100106.0,TRAVNIK,TUŠNICA,"33,00",FG WILSON,P33-3,DSE 7420,DA,10.10.6.2,STACIONARNI,1000.0,FGWPEP21LAMU05357,2014,EXISTING,76,FUZZY,TOMISLAVGRAD_JANCARICA,TOMISLAVGRAD JANCARICA,17.22626259,43.73077744,GSM/LTE,1.0,,,,,,,,,,,,,,,False
100112.0,TRAVNIK,SLIMENA,"110,00",FG WILSON,P110-2,DSE 7410 MKII,NE,,U IZOL. KUĆIŠTU,250.0,FGWPEP24JDMU03276,2014,EXISTING,76,FUZZY,TRAVNIK_CENTAR,Travnik Centar,17.66635122,44.22533208,GSM/UMTS/LTE,1.0,,,,,,,,,,,,,,,False
100026.0,MOSTAR,KONJIC,"6,00",GENELEC,ET2M-S,,NE,,STACIONARNI,5.0,2005545,2008,EXISTING,75,FUZZY,KONJIKOVICI,Konjikovici,18.79147431,44.57115735,GSM/LTE,1.0,,,,,,,,,,,,,,,False
100023.0,MOSTAR,BLAGAJ,"22,00",FG WILSON,PH 22 E 2,,NE,,STACIONARNI,3000.0,,2004,EXISTING,75,FUZZY,LUKA_MOSTAR,Luka Mostar,17.81710558,43.33486255,GSM/LTE,1.0,,,,,,,,,,,,,,,False
100013.0,SARAJEVO,ORMANJ,"33,00",FG WILSON,P33-3,DSE 7420,DA,10.41.30.167,STACIONARNI,1000.0,FGWPEP21HAMU06364,2016,EXISTING,75,FUZZY,AERODROM_SARAJEVO,AERODROM SARAJEVO,18.33660766,43.82621521,/LTE,1.0,,,,,,,,,,,,,,,False
100038.0,TRAVNIK,VOLJICE,"5,50",BOSCH,BOSCH 8000,,NE,,MOBILNI,10.0,FD268,1998,EXISTING,75,FUZZY,GVAKUF,Gornji Vakuf,17.58882141,43.93824839,GSM/UMTS/LTE,1.0,,,,,,,,,,,,,,,False
100072.0,TUZLA,TUZLA TKC,"215,00",ULJANIK,AGD 571-12V71-K0633,DSE 7420 MKII,NE,,STACIONARNI,1500.0,367,1974,EXISTING,75,FUZZY,TUZLA_TKC,TKC Tuzla,18.69067377,44.53365298,GSM/UMTS/LTE,1.0,,,,,,,,,,,,,,,False
100146.0,ZENICA,ŠIBOVI,"33,00",FG WILSON,P33-1,DSE 7420 MKII,DA,10.10.3.200,U IZOL. KUĆIŠTU,55.0,FGWPEP21PAMVO4992,2014,EXISTING,75,FUZZY,IZVOR_BANJALUKA,Izvor Banjaluka,17.18199223,44.77181516,GSM/LTE,1.0,,,,,,,,,,,,,,,False
100133.0,BIHAĆ,BIHAĆ ,"18,00",CATERPILLAR,DE18E3,DSE 4520 MKII,NE,,MOBILNI,55.0,CAT00C22HGBY11868,2021,EXISTING,0,NO_MATCH,,,,,,,,,,,,,,,,,,,,,False
100137.0,BIHAĆ,BIHAĆ ,"300,00",FG WILSON,P300-5,DSE 7420 MKII,DA,10.10.4.34,STACIONARNI,2000.0,FGWPSG02LPC501234,2021,EXISTING,0,NO_MATCH,,,,,,,,,,,,,,,,,,,,,False
100053.0,BIHAĆ,HOST BIHAĆ  CENTAR ,"136,00",MATISA,P130 MAUSP,TE 804,DA,,STACIONARNI,1000.0,12040,2005,EXISTING,0,NO_MATCH,,,,,,,,,,,,,,,,,,,,,False
100045.0,BIHAĆ,HOST TKC BIHAĆ,"16,00",GENELEC,GENELEC GLW3-20,NE,NE,,MOBILNI,50.0,5707147,2009,EXISTING,0,NO_MATCH,,,,,,,,,,,,,,,,,,,,,False
100050.0,BIHAĆ,HOST TKC BIHAĆ,"136,00",MATISA,P 130 MAUSP,TE 21447,NE,,STACIONARNI,3000.0,0791173J,2003,EXISTING,0,NO_MATCH,,,,,,,,,,,,,,,,,,,,,False
100052.0,BIHAĆ,HOST TKC BIHAĆ,"7,00",MATISA,MB-B7000LS1-7,,NE,,MOBILNI,5.0,MB2275,2008,EXISTING,0,NO_MATCH,,,,,,,,,,,,,,,,,,,,,False
100066.0,BIHAĆ,HOST TKC BIHAĆ,"125,00",IVECO-TESARI,IDGS-IVE125,NE,NE,,U IZOL. KUĆIŠTU,300.0,33601-1015,1996,EXISTING,0,NO_MATCH,,,,,,,,,,,,,,,,,,,,,False
100054.0,BIHAĆ,OZIMICE II,"30,00",FG WILSON,P30,DSE 5220,DA,,STACIONARNI,200.0,DJ51323,2010,EXISTING,0,NO_MATCH,,,,,,,,,,,,,,,,,,,,,False
100055.0,BIHAĆ,US BOSANSKA KRUPA,"100,00",IVECO-TESARI,IVE100,NE,NE,,U IZOL. KUĆIŠTU,300.0,,1996,EXISTING,0,NO_MATCH,,,,,,,,,,,,,,,,,,,,,False
100067.0,BIHAĆ,US BOSANSKA KRUPA,"135,00",MATISA,DM1 135 AD,RGK60,DA,,STACIONARNI,2000.0,2452,2014,EXISTING,0,NO_MATCH,,,,,,,,,,,,,,,,,,,,,False
100056.0,BIHAĆ,BOSANSKI PETROVAC,"88,00",FG WILSON,XP88E1,DSE,DA,,STACIONARNI,420.0,GTS00526,2005,EXISTING,0,NO_MATCH,,,,,,,,,,,,,,,,,,,,,False
100113.0,BIHAĆ,BUŽIM 1,"22,00",ULUGUC,UG-PR22,DSE 7420 MKII,DA,10.10.4.70,U IZOL. KUĆIŠTU,500.0,U 949168 D - 11531,2018,EXISTING,0,NO_MATCH,,,,,,,,,,,,,,,,,,,,,False
100057.0,BIHAĆ,BUŽIM STARI,"15,60",MATISA,MB-RS2-12000TDSE,NE,NE,,MOBILNI,12.0,5771955,2011,EXISTING,0,NO_MATCH,,,,,,,,,,,,,,,,,,,,,False
100070.0,BIHAĆ,OSTROŽAC,"7,00",MATISA,WFM R130 TDE,NE,NE,,MOBILNI,20.0,01 22734,2000,EXISTING,0,NO_MATCH,,,,,,,,,,,,,,,,,,,,,False
100065.0,BIHAĆ,SKOKOVI,"7,00",MATISA,MB-B7000LSI-7,,NE,,MOBILNI,5.0,2182264,2008,EXISTING,0,NO_MATCH,,,,,,,,,,,,,,,,,,,,,False
100068.0,BIHAĆ,US CAZIN,"135,00",MATISA,DM1 135 AD,RGK60,DA,,STACIONARNI,2000.0,2451,2014,EXISTING,0,NO_MATCH,,,,,,,,,,,,,,,,,,,,,False
100043.0,BIHAĆ,US ĆORALIĆI,"16,00",GENELEC,GENELEC GLW3-20,,NE,,MOBILNI,50.0,8112768,2008,EXISTING,0,NO_MATCH,,,,,,,,,,,,,,,,,,,,,False
100047.0,BIHAĆ,US KAMENICA,"7,00",MATISA,B 700 TDE,,NE,,MOBILNI,5.0,2182264,2005,EXISTING,0,NO_MATCH,,,,,,,,,,,,,,,,,,,,,False
100046.0,BIHAĆ,US STIJENA,"5,00",MATISA,---,NE,NE,,MOBILNI,5.0,,,EXISTING,0,NO_MATCH,,,,,,,,,,,,,,,,,,,,,False
100147.0,BIHAĆ,VISIBABA,"33,00",FG WILSON,P33-3,DSE 7420 MKII,DA,10.10.4.71,U IZOL. KUĆIŠTU,600.0,FGWPEP21JAMU 07040,2020,EXISTING,0,NO_MATCH,,,,,,,,,,,,,,,,,,,,,False
100058.0,BIHAĆ,ZVIZDAJA,"13,30",MATISA,PS1-14AD-ATL,RGK 60,DA,,STACIONARNI,3000.0,U57462P,2010,EXISTING,0,NO_MATCH,,,,,,,,,,,,,,,,,,,,,False
100059.0,BIHAĆ,ZVIZDAJA,"13,30",MATISA,PS1-14AD-ATL,RGK 60,DA,,STACIONARNI,3000.0,U571462P,2010,EXISTING,0,NO_MATCH,,,,,,,,,,,,,,,,,,,,,False
100048.0,BIHAĆ,US KLJUČ,"80,00",MATISA,JDM1-80AD,RGK60,DA,,STACIONARNI,1000.0,4095,2008,EXISTING,0,NO_MATCH,,,,,,,,,,,,,,,,,,,,,False
100051.0,BIHAĆ,US KLJUČ,"7,00",MATISA,MB-B7000LS1-7,,NE,,MOBILNI,5.0,MB2276,2008,EXISTING,0,NO_MATCH,,,,,,,,,,,,,,,,,,,,,False
100110.0,BIHAĆ,ALAGINCI,"33,00",ULUGUC,UG-PR33,DSE 7420 MKII,DA,10.10.4.69,U IZOL. KUĆIŠTU,500.0,U 506685 D - 11453,2018,EXISTING,0,NO_MATCH,,,,,,,,,,,,,,,,,,,,,False
100061.0,BIHAĆ,LOKVENI VRH,"55,00",FG WILSON,FG WILSON P55E1,DSE,DA,,STACIONARNI,1600.0,246906,2010,EXISTING,0,NO_MATCH,,,,,,,,,,,,,,,,,,,,,False
100060.0,BIHAĆ,US SANSKI MOST,"7,00",MATISA,B 7000 TDE,NE,NE,,MOBILNI,5.0,5252437,2005,EXISTING,0,NO_MATCH,,,,,,,,,,,,,,,,,,,,,False
100069.0,BIHAĆ,US SANSKI MOST,"135,00",MATISA,DM1 135 AD,RGK60,DA,,STACIONARNI,2000.0,2455,2014,EXISTING,0,NO_MATCH,,,,,,,,,,,,,,,,,,,,,False
100071.0,BIHAĆ,US SANSKI MOST,"40,00",FG WILSON,P40,NE,NE,,U IZOL. KUĆIŠTU,150.0,Y4739B/003,,EXISTING,0,NO_MATCH,,,,,,,,,,,,,,,,,,,,,False
100062.0,BIHAĆ,VELIKA KLADUŠA,"110,00",FG WILSON,P110E_PWP10,DSE,DA,,STACIONARNI,1000.0,10395,2005,EXISTING,0,NO_MATCH,,,,,,,,,,,,,,,,,,,,,False
100017.0,MOSTAR,ŠATOROVA GOMILA ,"50,00",FG WILSON,P50-1,DSE 7320,NE,,U IZOL. KUĆIŠTU,200.0,FGWPEP22EBMU03444,2011,EXISTING,0,NO_MATCH,,,,,,,,,,,,,,,,,,,,,False
100020.0,MOSTAR,LISIN,"82,50",PERKINS,"PERKINS /2005. 82,5KVA-66 KW",DSE 7320,DA,,STACIONARNI,10000.0,,2005,EXISTING,0,NO_MATCH,,,,,,,,,,,,,,,,,,,,,False
100021.0,MOSTAR,TKC KONJIC,"206,00",TORPEDO RIJEKA,45355 M85-4 C,INTELILITE AMF 25,DA,,STACIONARNI,2000.0,376073-170235,1981,EXISTING,0,NO_MATCH,,,,,,,,,,,,,,,,,,,,,False
100152.0,MOSTAR,TKC KONJIC,"136,00",MATISA,P 130 MAUSP,,,,STACIONARNI,2000.0,,2003,EXISTING,0,NO_MATCH,,,,,,,,,,,,,,,,,,,,,False
100114.0,MOSTAR,PLOČNIK,"53,00",CONEX,39A4R45,DSE 7420,DA,,STACIONARNI,2000.0,,,EXISTING,0,NO_MATCH,,,,,,,,,,,,,,,,,,,,,False
100105.0,MOSTAR,FORTICA,"33,00",FG WILSON,P33-3,DSE 7420,NE,,U IZOL. KUĆIŠTU,250.0,,2015,EXISTING,0,NO_MATCH,,,,,,,,,,,,,,,,,,,,,False
100134.0,MOSTAR,MOSTAR,"18,00",CATERPILLAR,DE18E3,TCP1000,NE,,MOBILNI,55.0,,2021,EXISTING,0,NO_MATCH,,,,,,,,,,,,,,,,,,,,,False
100019.0,MOSTAR,PARIĆ,"33,00",FG WILSON,P33-1,DCP-10,NE,,STACIONARNI,1000.0,FGWPEP21KAMU04881,2016,EXISTING,0,NO_MATCH,,,,,,,,,,,,,,,,,,,,,False
100018.0,MOSTAR,V. VIDOVA,"72,00",PERKINS-STANFORD,P75 M,DSE 7320,NE,,STACIONARNI,600.0,MT2112,2004,EXISTING,0,NO_MATCH,,,,,,,,,,,,,,,,,,,,,False
100117.0,SARAJEVO,UPRAVNA ZGRADA - FRANCA LEHARA 7,"450,00",MATISA,PM1 450 AD,DSE 7420 MKII,DA,10.10.1.12,STACIONARNI,950.0,MM 13528,2013,EXISTING,0,NO_MATCH,,,,,,,,,,,,,,,,,,,,,False
100015.0,SARAJEVO,HADŽIĆA BRDO,"33,00",FG WILSON,P33-3,DSE 7420 MKII,DA,10.41.24.50,U IZOL. KUĆIŠTU,600.0,FGWPEP21AAMU07043,2020,EXISTING,0,NO_MATCH,,,,,,,,,,,,,,,,,,,,,False
100118.0,SARAJEVO,PETIBOR,"33,00",FG WILSON,P33-3,DSE 7420 MKII,DA,10.41.24.49,U IZOL. KUĆIŠTU,600.0,FGWPEP21CAMU07047,2020,EXISTING,0,NO_MATCH,,,,,,,,,,,,,,,,,,,,,False
100120.0,SARAJEVO,ZEBINA ŠUMA,"33,00",FG WILSON,P33-3,DSE 7420 MKII,DA,10.41.24.53,U IZOL. KUĆIŠTU,600.0,,2020,EXISTING,0,NO_MATCH,,,,,,,,,,,,,,,,,,,,,False
100014.0,SARAJEVO,ZGRADA CTK ,"105,00",KUNER/TESSARI,Tessari IDGS-IVE105/PTT,Energia Tessari,NE,,STACIONARNI,1000.0,33715-1034,1999,EXISTING,0,NO_MATCH,,,,,,,,,,,,,,,,,,,,,False
100108.0,SARAJEVO,VELIKI ŽEP,"33,00",FG WILSON,P33-3,DSE 7420,DA,10.10.1.55,STACIONARNI,1000.0,,2018,EXISTING,0,NO_MATCH,,,,,,,,,,,,,,,,,,,,,False
100119.0,SARAJEVO,KARAŠNICA,"33,00",FG WILSON,P33-3,DSE 7420 MKII,DA,10.41.0.54,U IZOL. KUĆIŠTU,600.0,FGWPEP21VAMU06957,2020,EXISTING,0,NO_MATCH,,,,,,,,,,,,,,,,,,,,,False
100116.0,SARAJEVO,A.POLJE DATA CENTAR,"680,00",MATISA,DDM1-670AD,DSE 7410,DA,10.10.1.10,STACIONARNI,1200.0,MM18893,2018,EXISTING,0,NO_MATCH,,,,,,,,,,,,,,,,,,,,,False
100004.0,SARAJEVO,ALIPAŠINO POLJE,"670,00",FG WILSON,P660E5,DSE 7420,DA,,STACIONARNI,16000.0,228699-10/JGXF2004 U172508,2008,EXISTING,0,NO_MATCH,,,,,,,,,,,,,,,,,,,,,False
100131.0,SARAJEVO,ALIPAŠINO POLJE,"1000,00",FG WILSON,P1000E1,DSE 7420 MKII,DA,,STACIONARNI,2000.0,,2022,EXISTING,0,NO_MATCH,,,,,,,,,,,,,,,,,,,,,False
100002.0,SARAJEVO,BAŠČARŠIJA,"250,00",MATISA,F-250 MAU,TE 803,DA,,STACIONARNI,400.0,0133014-07/568708,2001,EXISTING,0,NO_MATCH,,,,,,,,,,,,,,,,,,,,,False
100010.0,SARAJEVO,BREZOVAČA,"13,30",MATISA,PS1-14AD-ATL,RGK 60,NE,,STACIONARNI,3000.0,0241431/019,2008,EXISTING,0,NO_MATCH,,,,,,,,,,,,,,,,,,,,,False
100011.0,SARAJEVO,BREZOVAČA,"13,30",MATISA,PS1-14AD-ATL,RGK 60,NE,,STACIONARNI,3000.0,0241431/010,2008,EXISTING,0,NO_MATCH,,,,,,,,,,,,,,,,,,,,,False
100000.0,SARAJEVO,DOLAC MALTA,"1000,00",MATISA,MTU1000AUWIN,TE 803,DA,,STACIONARNI,16000.0,P212-117/01,2001,EXISTING,0,NO_MATCH,,,,,,,,,,,,,,,,,,,,,False
100001.0,SARAJEVO,DOLAC MALTA,"280,00",CATERPILLAR,plinski,,DA,,STACIONARNI,,,1993,EXISTING,0,NO_MATCH,,,,,,,,,,,,,,,,,,,,,False
100115.0,SARAJEVO,DOLAC MALTA,"900,00",FG WILSON,P900E1,DSE 7410,DA,,STACIONARNI,1600.0,FGWRPES3VDPS05054,2019,EXISTING,0,NO_MATCH,,,,,,,,,,,,,,,,,,,,,False
100132.0,SARAJEVO,DOLAC MALTA,"18,00",CATERPILLAR,DE18E3,TCP1000,NE,,MOBILNI,55.0,CAT00C22AGBY11866,2021,EXISTING,0,NO_MATCH,,,,,,,,,,,,,,,,,,,,,False
100006.0,SARAJEVO,ILIDŽA,"250,00",KUNER/TESSARI,IDGS-IVE250/PTT,TE 803,DA,,STACIONARNI,400.0,C061031-4/433093,1998,EXISTING,0,NO_MATCH,,,,,,,,,,,,,,,,,,,,,False
100003.0,SARAJEVO,OBALA,"250,00",MATISA,F-250 MAU,TE 803,NE,,STACIONARNI,255.0,0133014-06/573677,2008,EXISTING,0,NO_MATCH,,,,,,,,,,,,,,,,,,,,,False
100005.0,SARAJEVO,TI A. POLJE DATA CENTAR,"500,00",FG WILSON,P500E1,DSE 7410,DA,10.10.1.11,STACIONARNI,400.0,FGWRPES1HLPS03645,2005,EXISTING,0,NO_MATCH,,,,,,,,,,,,,,,,,,,,,False
100012.0,SARAJEVO,TREBEVIĆ,"33,00",FG WILSON,P33-1,DSE 7420,DA,10.41.0.248,STACIONARNI,1000.0,FGWPEP21LAMU04693,2015,EXISTING,0,NO_MATCH,,,,,,,,,,,,,,,,,,,,,False
100008.0,SARAJEVO,VOGOŠĆA,"80,00",KUNER/TESSARI,IDGS-IVE80/PTT,DEEP SEA ELECTRONICS,DA,,STACIONARNI,1000.0,C070993-03/325592,1997,EXISTING,0,NO_MATCH,,,,,,,,,,,,,,,,,,,,,False
100041.0,TRAVNIK,BUGOJNO,"65,00",FG WILSON,P65E3,DSE 7420 MKII,NE,10.10.6.75,STACIONARNI,175.0,FGWPEPP5HATS13004,2007,EXISTING,0,NO_MATCH,,,,,,,,,,,,,,,,,,,,,False
100039.0,TRAVNIK,DONJI VAKUF,"44,00",FG WILSON,P44E3,PWP10,NE,,STACIONARNI,170.0,FGWPEPP5LATS11879,2007,EXISTING,0,NO_MATCH,,,,,,,,,,,,,,,,,,,,,False
100035.0,TRAVNIK,FOJNICA,"30,00",FG WILSON,P30E1,DSE 7420 MKII,NE,,STACIONARNI,175.0,FGWPEPP4CETH10743,2007,EXISTING,0,NO_MATCH,,,,,,,,,,,,,,,,,,,,,False
100139.0,TRAVNIK,MLINIŠTE,"13,30",FG WILSON,P13.5-4,,DA,,STACIONARNI,1000.0,,2019,EXISTING,0,NO_MATCH,,,,,,,,,,,,,,,,,,,,,False
100042.0,TRAVNIK,GORNJI VAKUF,"30,00",FG WILSON,P30E1,PWP10,NE,,STACIONARNI,175.0,FGWPEPP4AETH08381,2007,EXISTING,0,NO_MATCH,,,,,,,,,,,,,,,,,,,,,False
100036.0,TRAVNIK,PAJIĆ POLJE,"5,00",LOMBARDINI,6LD400,,NE,,MOBILNI,10.0,,1996,EXISTING,0,NO_MATCH,,,,,,,,,,,,,,,,,,,,,False
100111.0,TRAVNIK,VINAC,"12,00",FG WILSON,P13.5-6,DCP10,NE,,STACIONARNI,200.0,FGWPEP41CMWO00147,2012,EXISTING,0,NO_MATCH,,,,,,,,,,,,,,,,,,,,,False
100148.0,TRAVNIK,ČUBREN,"35,00",TEKSAN,TJ35BD5L,DSE 7420 MKII,DA,10.10.6.80,U IZOL. KUĆIŠTU,600.0,,2022,EXISTING,0,NO_MATCH,,,,,,,,,,,,,,,,,,,,,False
100037.0,TRAVNIK,NOVI TRAVNIK,"30,00",FG WILSON,P30E1,PWP10,NE,,STACIONARNI,175.0,FGWPEPP4CETH08404,2007,EXISTING,0,NO_MATCH,,,,,,,,,,,,,,,,,,,,,False
100029.0,TRAVNIK,HAMAMDŽIĆI,"13,30",MATISA,PS1-14AD-ATL,RGK 60,NE,,STACIONARNI,3000.0,MM8110,2008,EXISTING,0,NO_MATCH,,,,,,,,,,,,,,,,,,,,,False
100040.0,TRAVNIK,TURBE,"18,00",FG WILSON,P18-6,DCP10,NE,,STACIONARNI,60.0,FGWPEP42LMWP00196,2013,EXISTING,0,NO_MATCH,,,,,,,,,,,,,,,,,,,,,False
100078.0,TUZLA,BANOVIĆI,"72,50",MATISA,P75SS,TE803,DA,,U IZOL. KUĆIŠTU,450.0,P2001-15-0663,2001,EXISTING,0,NO_MATCH,,,,,,,,,,,,,,,,,,,,,False
100141.0,TUZLA,BRATUNAC,"35,00",TEKSAN,TJ35BD5L,DSE 7420 MKII,DA,10.10.2.39,U IZOL. KUĆIŠTU,600.0,DDK3637,2022,EXISTING,0,NO_MATCH,,,,,,,,,,,,,,,,,,,,,False
100126.0,TUZLA,KONJEVIĆ POLJE,"33,00",ULUGUC,UG-PR33,DATAKOM D500,DA,10.10.2.21,U IZOL. KUĆIŠTU,500.0,P2018033003,2018,EXISTING,0,NO_MATCH,,,,,,,,,,,,,,,,,,,,,False
100076.0,TUZLA,BRKA,"42,00",MATISA,P42SS,RGK60,NE,,U IZOL. KUĆIŠTU,,,1994,EXISTING,0,NO_MATCH,,,,,,,,,,,,,,,,,,,,,False
100149.0,TUZLA,DIREKCIJA BRČKO TKC,"100,00",MATISA,BM3 100AD,DSE 7420,NE,,U IZOL. KUĆIŠTU,400.0,MT 2554,2019,EXISTING,0,NO_MATCH,,,,,,,,,,,,,,,,,,,,,False
100122.0,TUZLA,MERAJE,"33,00",ULUGUC,UG-PR33,DATAKOM D500,DA,10.10.2.27,U IZOL. KUĆIŠTU,500.0,PR2019033008,2019,EXISTING,0,NO_MATCH,,,,,,,,,,,,,,,,,,,,,False
100077.0,TUZLA,ČELIĆ,"16,00",MATISA,LTE 16 SS,TE803,NE,,U IZOL. KUĆIŠTU,260.0,MM 2016,2002,EXISTING,0,NO_MATCH,,,,,,,,,,,,,,,,,,,,,False
100082.0,TUZLA,KLOKOTNICA,"35,00",TEKSAN,TJ35BD5L,DSE 7420 MKII,DA,10.10.2.37,U IZOL. KUĆIŠTU,600.0,DDK3641,2022,EXISTING,0,NO_MATCH,,,,,,,,,,,,,,,,,,,,,False
100081.0,TUZLA,GRAČANICA,"72,50",MATISA,P-75 SS,TE803,DA,,U IZOL. KUĆIŠTU,450.0,P2001-15-0664,2001,EXISTING,0,NO_MATCH,,,,,,,,,,,,,,,,,,,,,False
100142.0,TUZLA,STRAŽEVAC,"35,00",TEKSAN,TJ35BD5L,DSE 7420 MKII,DA,10.10.2.41,U IZOL. KUĆIŠTU,600.0,DDK3671,2022,EXISTING,0,NO_MATCH,,,,,,,,,,,,,,,,,,,,,False
100140.0,TUZLA,GRADAČAC,"80,00",KUMER,IDGS-IVE80/PTT,RGK60,NE,,STACIONARNI,900.0,33602-1021,1996,EXISTING,0,NO_MATCH,,,,,,,,,,,,,,,,,,,,,False
100128.0,TUZLA,TRAMOŠNICA,"35,00",TEKSAN,TJ35BD5L,DSE 7420 MKII,DA,10.10.2.40,U IZOL. KUĆIŠTU,600.0,DDK3642,2022,EXISTING,0,NO_MATCH,,,,,,,,,,,,,,,,,,,,,False
100121.0,TUZLA,VUKOVINE,"33,00",ULUGUC,UG-PR33,DATAKOM D500,DA,10.10.2.7,U IZOL. KUĆIŠTU,500.0,PR2019033006,2019,EXISTING,0,NO_MATCH,,,,,,,,,,,,,,,,,,,,,False
100083.0,TUZLA,KLADANJ,"27,50",MATISA,P27 SS,TE803,DA,,U IZOL. KUĆIŠTU,850.0,106,2002,EXISTING,0,NO_MATCH,,,,,,,,,,,,,,,,,,,,,False
100080.0,TUZLA,LUKAVAC,"72,50",MATISA,P-75 SS,TE803,DA,,U IZOL. KUĆIŠTU,450.0,P2001-14-0606,2001,EXISTING,0,NO_MATCH,,,,,,,,,,,,,,,,,,,,,False
100143.0,TUZLA,TEOČAK,"33,00",FG WILSON,P33-3,DSE 7420,DA,10.10.2.48,U IZOL. KUĆIŠTU,500.0,FGWPEP21CAMU05970,2016,EXISTING,0,NO_MATCH,,,,,,,,,,,,,,,,,,,,,False
100127.0,TUZLA,TEOČAK CENTAR,"35,00",TEKSAN,TJ35BD5L,DSE 7420 MKII,DA,10.10.2.38,U IZOL. KUĆIŠTU,600.0,DDK3640,2022,EXISTING,0,NO_MATCH,,,,,,,,,,,,,,,,,,,,,False
100073.0,TUZLA,ILINČICA,"80,00",KUMER,IDGS-IVE80/PTT,RGK60,DA,,STACIONARNI,500.0,33602-1019,1996,EXISTING,0,NO_MATCH,,,,,,,,,,,,,,,,,,,,,False
100086.0,TUZLA,PAŠA BUNAR,"150,00",FG WILSON,P150-3,DSE 7410,DA,10.10.2.52,U IZOL. KUĆIŠTU,450.0,FGWPEP25EEMU05032,2014,EXISTING,0,NO_MATCH,,,,,,,,,,,,,,,,,,,,,False
100135.0,TUZLA,TUZLA,"18,00",CATERPILLAR,DE18E3,TCP1000,NE,,MOBILNI,55.0,,2021,EXISTING,0,NO_MATCH,,,,,,,,,,,,,,,,,,,,,False
100123.0,TUZLA,PERUNIKA,"33,00",ULUGUC,UG-PR33,DATAKOM D500,DA,10.10.2.6,U IZOL. KUĆIŠTU,500.0,P2018033001,2018,EXISTING,0,NO_MATCH,,,,,,,,,,,,,,,,,,,,,False
100124.0,TUZLA,ZVORNIK,"33,00",ULUGUC,UG-PR33,DATAKOM D500,DA,10.10.2.9,U IZOL. KUĆIŠTU,500.0,PR2019033007,2019,EXISTING,0,NO_MATCH,,,,,,,,,,,,,,,,,,,,,False
100079.0,TUZLA,ŽIVINICE,"72,50",MATISA,P-75 SS,TE803,DA,,U IZOL. KUĆIŠTU,450.0,P2001-14-0607,2001,EXISTING,0,NO_MATCH,,,,,,,,,,,,,,,,,,,,,False
100089.0,ZENICA,BREZA,"42,50",MATISA,P40 MAUWIN,TE 803,NE,,STACIONARNI,450.0,P2001-25-1068,2001,EXISTING,0,NO_MATCH,,,,,,,,,,,,,,,,,,,,,False
100100.0,ZENICA,MARKOVAC,"13,30",MATISA,PS1-14AD-ATL,RGK 60,DA,,STACIONARNI,3000.0,MM8108,2009,EXISTING,0,NO_MATCH,,,,,,,,,,,,,,,,,,,,,False
100138.0,ZENICA,MARKOVAC,"13,30",MATISA,PS1-14AD-ATL,RGK 60,DA,,STACIONARNI,3000.0,MM8109,2009,EXISTING,0,NO_MATCH,,,,,,,,,,,,,,,,,,,,,False
100091.0,ZENICA,KAKANJ,"100,00",MATISA,P100 MAU WIN,TE 803,NE,,STACIONARNI,450.0,P2001-25-1070,2001,EXISTING,0,NO_MATCH,,,,,,,,,,,,,,,,,,,,,False
100104.0,ZENICA,MAGLAJ,"105,00",KUNER/TESSARI,IDGS-IVE105/PTT,Energia Tessari,NE,,U IZOL. KUĆIŠTU,250.0,,1998,EXISTING,0,NO_MATCH,,,,,,,,,,,,,,,,,,,,,False
100094.0,ZENICA,NEMILA,"100,00",KUNER/TESSARI,IDGS-IVE80/PTT,DSE 5200,NE,,STACIONARNI,1000.0,,2000,EXISTING,0,NO_MATCH,,,,,,,,,,,,,,,,,,,,,False
100129.0,ZENICA,DOLOVI,"35,00",TEKSAN,TJ35BD5L,DSE 7420 MKII,DA,10.10.3.203,U IZOL. KUĆIŠTU,600.0,DD92456,2022,EXISTING,0,NO_MATCH,,,,,,,,,,,,,,,,,,,,,False
100087.0,ZENICA,OLOVO,"42,50",MATISA,P40 MAUWIN,TE 803,NE,,STACIONARNI,450.0,P2001-25-1067,2001,EXISTING,0,NO_MATCH,,,,,,,,,,,,,,,,,,,,,False
100101.0,ZENICA,OLOVO,"4,50",ACME,ADN43W,,NE,,MOBILNI,5.0,,2001,EXISTING,0,NO_MATCH,,,,,,,,,,,,,,,,,,,,,False
100099.0,ZENICA,MOTAJICA,"35,00",TEKSAN,TJ35BD5L,DSE 7420 MKII,DA,10.10.3.201,U IZOL. KUĆIŠTU,600.0,DDK 3669,2022,EXISTING,0,NO_MATCH,,,,,,,,,,,,,,,,,,,,,False
100098.0,ZENICA,TEŠANJ,"42,50",MATISA,P40 MAUWIN,TE 803,NE,,STACIONARNI,450.0,P2001-25-1069,2002,EXISTING,0,NO_MATCH,,,,,,,,,,,,,,,,,,,,,False
100097.0,ZENICA,TREBAČKO BRDO,"35,00",TEKSAN,TJ35BD5L,DSE 7420 MKII,DA,10.10.3.202,U IZOL. KUĆIŠTU,600.0,,2022,EXISTING,0,NO_MATCH,,,,,,,,,,,,,,,,,,,,,False
100090.0,ZENICA, VAREŠ,"125,00",TORPEDO RIJEKA,4S 280 M65-4-MCF,DSE 5200,NE,,STACIONARNI,400.0,379737-132942,1979,EXISTING,0,NO_MATCH,,,,,,,,,,,,,,,,,,,,,False
100088.0,ZENICA,VISOKO,"100,00",KUNER/TESSARI,IDGS-IVE80/PTT,TESARI,NE,,STACIONARNI,150.0,,1999,EXISTING,0,NO_MATCH,,,,,,,,,,,,,,,,,,,,,False
100096.0,ZENICA,BLIZNA,"13,30",MATISA,PS1-14AD-ATL,RGK 60,NE,,STACIONARNI,3000.0,,2010,EXISTING,0,NO_MATCH,,,,,,,,,,,,,,,,,,,,,False
100095.0,ZENICA,ZAVIDOVIĆI,"135,00",FG WILSON,P135-1,DSE 7420,NE,,STACIONARNI,340.0,FGWPEP25PEMV,2015,EXISTING,0,NO_MATCH,,,,,,,,,,,,,,,,,,,,,False
100130.0,ZENICA,ŠERIĆI,"35,00",TEKSAN,TJ35BD5L,DSE 7420 MKII,DA,10.10.3.204,U IZOL. KUĆIŠTU,600.0,,2022,EXISTING,0,NO_MATCH,,,,,,,,,,,,,,,,,,,,,False
,,,,,,,,,,,,,PLANNED,100,EXACT,,,,,,,GORNJA_JOSANICA,Sarajevo,FBiH,Vogosca,Bila Prioritet za agregat 1,Nema prostora za montažu DEA,,,GORNJA_JOSANICA,Gornja Josanica,18.34696631,43.90377424,GSM/UMTS/LTE,1.0,True
,,,,,,,,,,,,,PLANNED,100,EXACT,,,,,,,VIDIKOVAC,Tuzla,FBiH,Banovici,Bila Prioritet za agregat 1,Nema prostora za montažu DEA,DA,,VIDIKOVAC,Vidikovac,18.52509672,44.40977444,GSM/UMTS/LTE,1.0,True
,,,,,,,,,,,,,PLANNED,100,EXACT,,,,,,,BHRTV_DOM,Sarajevo,FBiH,Novi Grad SA,Bila Prioritet za agregat 1,Nema prostora za montažu DEA,,,BHRTV_DOM,BHRTV Dom,18.3537695,43.84805368,GSM/UMTS/LTE,1.0,True
,,,,,,,,,,,,,PLANNED,100,EXACT,,,,,,,DOBRINJA,Sarajevo,FBiH,Novi Grad SA,Bila Prioritet za agregat 1,Nema prostora za montažu DEA,,,DOBRINJA,Dobrinja,18.34695366,43.82847903,GSM/UMTS/LTE,1.0,True
,,,,,,,,,,,,,PLANNED,100,EXACT,,,,,,,HOLIDAY_INN,Sarajevo,FBiH,Centar SA,Bila Prioritet za agregat 1,Nema prostora za montažu DEA,,,HOLIDAY_INN,Holidey Inn,18.40379636,43.8562386,GSM/UMTSL(FM),1.0,True
,,,,,,,,,,,,,PLANNED,100,EXACT,,,,,,,BOLNICKA,Sarajevo,FBiH,Centar SA,Bila Prioritet za agregat 1,Nema prostora za montažu DEA,,,BOLNICKA,Bolnicka,18.4184696,43.8681909,GSM/UMTS/LTE,1.0,True
,,,,,,,,,,,,,PLANNED,100,EXACT,,,,,,,AERODROM_GP,Sarajevo,FBiH,Ilidza,Bila Prioritet za agregat 1,Nema prostora za montažu DEA,,,AERODROM_GP,Aerodrom,18.3396587,43.82577429,GSM/UMTS/LTE,1.0,True
,,,,,,,,,,,,,PLANNED,100,EXACT,,,,,,,BIHAC_BANKA,Bihać,FBiH,Bihac,Bila Prioritet za agregat 1,Nema prostora za montažu DEA,DA,,BIHAC_BANKA,BiBank,15.86857651,44.81616948,GSM/UMTS/LTE,1.0,True
,,,,,,,,,,,,,PLANNED,100,EXACT,,,,,,,MALA_LISA,Bihać,FBiH,Cazin,Bila Prioritet za agregat 1,Nema prostora za montažu DEA,DA,,MALA_LISA,Mala Lisa,15.914983,44.96679616,GSM/LTE,1.0,True
,,,,,,,,,,,,,PLANNED,100,EXACT,,,,,,,TUZLA_CENTAR,Tuzla,FBiH,Tuzla,Bila Prioritet za agregat 1,"U krugu poštanskog centra, zakup ima prostora",DA,,TUZLA_CENTAR,Tuzla Centar,18.63876961,44.5324413,GSM/UMTS/LTE,1.0,True
,,,,,,,,,,,,,PLANNED,100,EXACT,,,,,,,BUZIM,Bihać,FBiH,Buzim,Bila Prioritet za agregat 1,Nema prostora za montažu DEA,DA,,BUZIM,Buzim,16.0318989,45.06752901,GSM/UMTS/LTE,1.0,True
,,,,,,,,,,,,,PLANNED,100,EXACT,,,,,,,HIGHBUILDING,Zenica,RS,Banja Luka,Bila Prioritet za agregat 1,nema mogućnost montaže DEA,,,HIGHBUILDING,Highbuilding BL,17.19010536,44.77130056,GSM/UMTS/LTE,1.0,True
,,,,,,,,,,,,,PLANNED,100,EXACT,,,,,,,LUKAVAC CENTAR,Tuzla,FBiH,Lukavac,Bila Prioritet za agregat 1,"NE, nema mogućnost montaže agregata",,,LUKAVAC_CENTAR,Lukavac Centar,18.53146272,44.5281005,GSM/UMTS/LTE,1.0,True
,,,,,,,,,,,,,PLANNED,100,EXACT,,,,,,,SREBRENICA CENTAR,Tuzla,RS,Srebrenica,Bila Prioritet za agregat 1,"NE, nema mogućnost montaže agregata",,,SREBRENICA_CENTAR,Srebrenica Centar,19.29989584,44.10277715,GSM/LTE,1.0,True
,,,,,,,,,,,,,PLANNED,86,FUZZY,,,,,,,HADŽIĆI CENTAR,Sarajevo,FBiH,Hadžići,Bila Prioritet za agregat 1,NEMA MJESTA,,,HADZICI_CENTAR,Hadzici Centar,18.20234453,43.8220851,GSM/UMTS/LTE,1.0,True
,,,,,,,,,,,,,PLANNED,100,EXACT,,,,,,,STUPSKO_BRDO,Sarajevo,FBiH,Ilidza,Bila Prioritet za agregat 2,Nema prostora za montažu DEA,,,STUPSKO_BRDO,Stupsko Brdo,18.32426006,43.83962639,GSM/LTE,1.0,True
,,,,,,,,,,,,,PLANNED,100,EXACT,,,,,,,KOSEVO_SJEVER,Sarajevo,FBiH,Centar SA,Bila Prioritet za agregat 2,Nema prostora za montažu DEA,,,KOSEVO_SJEVER,Kosevo,18.40994126,43.874149,GSM/UMTS/LTE,1.0,True
,,,,,,,,,,,,,PLANNED,100,EXACT,,,,,,,MERKUR,Sarajevo,FBiH,Novi Grad SA,Bila Prioritet za agregat 2,Nema prostora za montažu DEA,,,MERKUR,Merkur,18.36734358,43.8485287,GSM/UMTS/LTE,1.0,True
,,,,,,,,,,,,,PLANNED,100,EXACT,,,,,,,SARAJEVO_CITY_CENTAR,Sarajevo,FBiH,Centar SA,Bila Prioritet za agregat 2,Nema prostora za montažu DEA,,,SARAJEVO_CITY_CENTAR,SARAJEVO CITY CENTAR,18.40845919,43.85519838,GSM/UMTS/LTE,1.0,True
,,,,,,,,,,,,,PLANNED,100,EXACT,,,,,,,TEKIJA,Mostar,FBiH,Mostar,Bila Prioritet za agregat 2,nema mjesta za montažu DEA,,,TEKIJA,Tekija,17.82092882,43.32718918,GSM/UMTS/LTE,1.0,True
,,,,,,,,,,,,,PLANNED,100,EXACT,,,,,,,SJENJAK,Tuzla,FBiH,Tuzla,Bila Prioritet za agregat 2,nema prostora,DA,,SJENJAK,Sjenjak,18.7080658,44.53298663,GSM/UMTS/LTE,1.0,True
,,,,,,,,,,,,,PLANNED,100,EXACT,,,,,,,VRAPCICI,Mostar,FBiH,Mostar,Bila Prioritet za agregat 2,nema mjesta za montažu DEA,,,VRAPCICI,Vrapcici,17.86174864,43.37351306,GSM/UMTS/LTE,1.0,True
,,,,,,,,,,,,,PLANNED,100,EXACT,,,,,,,CAVKUNOVIC,Bihać,FBiH,Bihac,Bila Prioritet za agregat 2,Nema prostora za montažu DEA,DA,,CAVKUNOVIC,Cavkunovic,15.87930096,44.83244548,GSM/UMTS/LTE,1.0,True
,,,,,,,,,,,,,PLANNED,100,EXACT,,,,,,,BOSANSKA_KRUPA,Bihać,FBiH,Bos. Krupa,Bila Prioritet za agregat 2,"NE, nema pristupnog puta",,,BOSANSKA_KRUPA,Bosanska Krupa,16.17029074,44.88901097,GSM/UMTS/LTE,1.0,True
,,,,,,,,,,,,,PLANNED,100,EXACT,,,,,,,LIVNO,Travnik,FBiH,Livno,Bila Prioritet za agregat 2,nema prostora za montažu DEA,DA,,LIVNO,Livno,17.00419086,43.82757469,GSM/UMTS/LTE,1.0,True
,,,,,,,,,,,,,PLANNED,89,FUZZY,,,,,,,GRBAVICA_STADION,Sarajevo,FBiH,Novo Sarajevo,Bila Prioritet za agregat 2,Nema prostora za montažu DEA,,,GRBAVICA_STADION_JUG,GRBAVICA STADION JUG,18.38804644,43.84607935,GSM/LTE,1.0,True
,,,,,,,,,,,,,PLANNED,88,FUZZY,,,,,,,POTOČARI,Tuzla,RS,Srebrenica,Bila Prioritet za agregat 2,"NE, nema mogućnost montaže agregata",,,POTOCARI,Potocari,19.30579136,44.14644306,GSM/UMTS/LTE,1.0,True
,,,,,,,,,,,,,PLANNED,75,FUZZY,,,,,,,FOČA,Sarajevo,RS,Foča,Bila Prioritet za agregat 2,NEMA MJESTA,,,FOCA,Foca,18.76732049,43.51383749,GSM/UMTS/LTE,1.0,True
,,,,,,,,,,,,,PLANNED,0,NO_MATCH,,,,,,,ODŽAK,Tuzla,FBiH,Odzak,Bila Prioritet za agregat 2,"NE, nema mogućnost montaže agregata",,,,,,,,,False
,,,,,,,,,,,,,PLANNED,100,EXACT,,,,,,,GLAVICA,Bihać,FBiH,Bihac,Bila Prioritet za agregat 3,Nema prostora za montažu DEA,DA,,GLAVICA,Glavice,15.84319962,44.81829427,GSM/UMTS/LTE,1.0,True
,,,,,,,,,,,,,PLANNED,100,EXACT,,,,,,,CORALICI,Bihać,FBiH,Cazin,Bila Prioritet za agregat 3,"DA, ograda je uz objekat ali je prarcela u vlašništvu BH Telecoma veća od ograđenog prosotra.
",,PLANIRANO 2026-2027,CORALICI,Coralici,15.88790836,44.97500988,GSM/UMTS/LTE,1.0,True
,,,,,,,,,,,,,PLANNED,100,EXACT,,,,,,,SOLINA_CENTAR,Tuzla,FBiH,Tuzla,Bila Prioritet za agregat 3,nema prostora,DA,,SOLINA_CENTAR,Solina Centar,18.68846808,44.55054838,GSM/UMTS/LTE,1.0,True
,,,,,,,,,,,,,PLANNED,100,EXACT,,,,,,,OTOKA,Bihać,FBiH,Bos. Krupa,Bila Prioritet za agregat 3,Nema prostora za montažu DEA,,,OTOKA,Bosanska Otoka,16.19315789,44.95917334,GSM/UMTS/LTE,1.0,True
,,,,,,,,,,,,,PLANNED,100,EXACT,,,,,,,NEUM,Mostar,FBiH,Neum,Prioritet za agregat 1,"DA, pokretni agregat na točkovima",NE,PLANIRANO 2026-2027,NEUM,Neum,17.59916035,42.91782615,GSM/UMTS/LTE,1.0,True
,,,,,,,,,,,,,PLANNED,100,EXACT,,,,,,,VELIKA_KLADUSA,Bihać,FBiH,Velika Kladusa,Prioritet za agregat 1,Prostora oko objekta ima dovoljno ali je ugovorena montaža samo Kontejnera. Montaža agregata vjerovatno će uzrokovati povećanje cijene zakupa.,DA,PLANIRANO 2026-2027,VELIKA_KLADUSA,Velika Kladusa,15.80198522,45.17732204,GSM/UMTS/LTE,1.0,True
,,,,,,,,,,,,,PLANNED,100,EXACT,,,,,,,KAKANJ,Zenica,FBiH,Kakanj,Prioritet za agregat 1,"nema mogućnost montaže DEA, pod zakupom",,,KAKANJ,Kakanj,18.12395214,44.12901502,GSM/UMTS/LTE,1.0,True
,,,,,,,,,,,,,PLANNED,100,EXACT,,,,,,,TESANJ,Zenica,FBiH,Tesanj,Prioritet za agregat 1,"nema mogućnost montaže DEA, pod zakupom",,,TESANJ,Tesanj,17.98081989,44.61258397,GSM/UMTS/LTE,1.0,True
,,,,,,,,,,,,,PLANNED,100,EXACT,,,,,,,JAJCE,Travnik,FBiH,Jajce,Prioritet za agregat 1,"DA, Na lokaciji ograđen manji prostor od zakupljenog, tako da je potrebno samo pomjeriti ogradu i proširiti temelj",DA,PLANIRANO 2026-2027,JAJCE,Jajce,17.25866209,44.33509864,GSM/UMTS/LTE,1.0,True
,,,,,,,,,,,,,PLANNED,100,EXACT,,,,,,,JABLANICA,Mostar,FBiH,Jablanica,Prioritet za agregat 1,DA,DA,UGOVORENO,JABLANICA,Jablanica,17.76993224,43.65865695,GSM/UMTS/LTE,1.0,True
,,,,,,,,,,,,,PLANNED,100,EXACT,,,,,,,ZEPCE,Zenica,FBiH,Zepce,Prioritet za agregat 1,"nema mogućnost montaže DEA, pod zakupom",,PLANIRANO 2026-2027,ZEPCE,Zepce - Kamenitovac,18.04254895,44.42000954,GSM/UMTS/LTE,1.0,True
,,,,,,,,,,,,,PLANNED,100,EXACT,,,,,,,TOPOVINA_STOLAC,Mostar,FBiH,Stolac,Prioritet za agregat 1,DA,DA,PLANIRANO 2026-2027,TOPOVINA_STOLAC,Topovine Stolac,17.95599678,43.08572599,GSM/UMTS/LTE,1.0,True
,,,,,,,,,,,,,PLANNED,100,EXACT,,,,,,,COJLUK,Bihać,FBiH,Bos. Krupa,Prioritet za agregat 1,"DA, ograda je uz objekat ali je zakup 10mx10m",,PLANIRANO 2026-2027,COJLUK,Cojluk,16.13569026,44.88359149,GSM/UMTS/LTE,1.0,True
,,,,,,,,,,,,,PLANNED,100,EXACT,,,,,,,HUMAC,Mostar,RS,Trebinje,Prioritet za agregat 1,DA,DA,PLANIRANO 2026-2027,HUMAC,Humac,18.32538804,42.69403358,GSM/UMTS/LTE,1.0,True
,,,,,,,,,,,,,PLANNED,100,EXACT,,,,,,,ZLATAR,Mostar,FBiH,Konjic,Prioritet za agregat 1,DA,DA,PLANIRANO 2026-2027,ZLATAR,Zlatar,17.98697267,43.65539086,GSM/UMTS/LTE,1.0,True
,,,,,,,,,,,,,PLANNED,100,EXACT,,,,,,,CELIC,Tuzla,FBiH,Celic,Prioritet za agregat 1,"U zidanom objektu RTV, neograđeno nema mogućnost montaže agregata",NE,,CELIC,Celic,18.79780515,44.72506142,GSM/UMTS/LTE,1.0,True
,,,,,,,,,,,,,PLANNED,100,EXACT,,,,,,,HASE,Tuzla,RS,Bijeljina,Prioritet za agregat 1,DA,NE,,HASE,Hase,19.18156957,44.7389102,GSM/UMTS/LTE,1.0,True
,,,,,,,,,,,,,PLANNED,100,EXACT,,,,,,,SAPNA_MAHMUTOVICI,Tuzla,FBiH,Sapna,Prioritet za agregat 1,,,PLANIRANO 2026-2027,SAPNA_MAHMUTOVICI,SAPNA MAHMUTOVICI,19.0282279,44.51416434,GSM/LTE,1.0,True
,,,,,,,,,,,,,PLANNED,80,FUZZY,,,,,,,BLAGAJ_MATERA,Mostar,FBiH,Mostar,Prioritet za agregat 1,DA,NE,PLANIRANO 2026-2027,BLAGAJ_JAPRA,BLAGAJ JAPRA,16.46278878,45.0361503,GSM/LTE,1.0,True
,,,,,,,,,,,,,PLANNED,80,FUZZY,,,,,,,TKC_CAPLJINA,Mostar,FBiH,Čapljina,Prioritet za agregat 1,nema mjesta za montažu DEA,NE,,CAPLJINA,Capljina,17.70260436,43.11158091,GSM/UMTS/LTE,1.0,True
,,,,,,,,,,,,,PLANNED,100,EXACT,,,,,,,DOLAC_NA_LASVI,Travnik,FBiH,Travnik,Prioritet za agregat 2,"DA, Na lokaciji ograđen manji prostor od zakupljenog, tako da je potrebno samo pomjeriti ogradu i proširiti temelj",DA,PLANIRANO 2026-2027,DOLAC_NA_LASVI,Dolac na Lasvi,17.68841194,44.22169964,GSM/UMTS/LTE,1.0,True
,,,,,,,,,,,,,PLANNED,100,EXACT,,,,,,,JELAH,Zenica,FBiH,Tesanj,Prioritet za agregat 2,"DA, ima mogućnost",NE,PLANIRANO 2026-2027,JELAH,Jelah,17.96116233,44.64454966,GSM/UMTS/LTE,1.0,True
,,,,,,,,,,,,,PLANNED,100,EXACT,,,,,,,DVAKUF,Travnik,FBiH,Donji Vakuf,Prioritet za agregat 2,"DA, Na lokaciji ograđen manji prostor od zakupljenog, tako da je potrebno samo pomjeriti ogradu i proširiti temelj",DA,PLANIRANO 2026-2027,DVAKUF,Donji Vakuf,17.39597808,44.14741312,GSM/UMTS/LTE,1.0,True
,,,,,,,,,,,,,PLANNED,100,EXACT,,,,,,,MOSTRE,Zenica,FBiH,Visoko,Prioritet za agregat 2,"nema mogućnost montaže DEA, pod zakupom",,,MOSTRE,Mostre,18.13314245,44.0207769,GSM/UMTS/LTE,1.0,True
,,,,,,,,,,,,,PLANNED,100,EXACT,,,,,,,MALJEVAC,Bihać,FBiH,Velika Kladusa,Prioritet za agregat 2,"DA, ograda je uz objekat ali je zakup 10mx10m",DA,PLANIRANO 2026-2027,MALJEVAC,Maljevac,15.80149174,45.19543449,GSM/UMTS/LTE,1.0,True
,,,,,,,,,,,,,PLANNED,100,EXACT,,,,,,,HONDICI,Mostar,FBiH,Konjic,Prioritet za agregat 2,DA,DA,PLANIRANO 2026-2027,HONDICI,Hondici,17.8998661,43.70189764,GSM/UMTS/LTE,1.0,True
,,,,,,,,,,,,,PLANNED,100,EXACT,,,,,,,KALESIJA,Tuzla,FBiH,Kalesija,Prioritet za agregat 2,ima prostora,DA,PLANIRANO 2026-2027,KALESIJA,Kalesija,18.80225828,44.47519027,GSM/UMTS/LTE,1.0,True
,,,,,,,,,,,,,PLANNED,100,EXACT,,,,,,,TESANJKA,Zenica,FBiH,Usora,Prioritet za agregat 2,"nema mogućnost montaže DEA, pod zakupom",,PLANIRANO 2026-2027,TESANJKA,Tesanjka,18.00704078,44.67680168,GSM/UMTS/LTE,1.0,True
,,,,,,,,,,,,,PLANNED,100,EXACT,,,,,,,BUSOVACA,Travnik,FBiH,Busovača,Prioritet za agregat 2,"DA, Na lokaciji ograđen manji prostor od zakupljenog, tako da je potrebno samo pomjeriti ogradu i proširiti temelj",DA,PLANIRANO 2026-2027,BUSOVACA,Busovaca,17.87332092,44.09765446,GSM/UMTS/LTE,1.0,True
,,,,,,,,,,,,,PLANNED,100,EXACT,,,,,,,KISELJAK,Travnik,FBiH,Kiseljak,Prioritet za agregat 2,"Na lokaciji ograđen manji prostor od zakupljenog, tako da je potrebno samo pomjeriti ogradu i proširiti temelj",DA,PLANIRANO 2026-2027,KISELJAK,Kiseljak,18.07298505,43.94079448,GSM/UMTS/LTE,1.0,True
,,,,,,,,,,,,,PLANNED,100,EXACT,,,,,,,MODRAC,Tuzla,FBiH,Lukavac,Prioritet za agregat 2,DA,DA,,MODRAC,Modrac,18.43766274,44.50624517,GSM/UMTS/LTE,1.0,True
,,,,,,,,,,,,,PLANNED,100,EXACT,,,,,,,TOMISLAVGRAD RUDINE,Travnik,FBiH,Tomislavgrad,Prioritet za agregat 2,"Na lokaciji ograđen manji prostor od zakupljenog, tako da je potrebno samo pomjeriti ogradu i proširiti temelj",DA,PLANIRANO 2026-2027,TOMISLAVGRAD_RUDINE,Tomislavgrad Rudine,17.22050286,43.71260101,GSM/UMTS/LTE,1.0,True
,,,,,,,,,,,,,PLANNED,100,EXACT,,,,,,,TURBE,Travnik,FBiH,Travnik,Prioritet za agregat 2,"Na lokaciji ograđen manji prostor od zakupljenog, tako da je potrebno samo pomjeriti ogradu i proširiti temelj",DA,PLANIRANO 2026-2027,TURBE,Turbe,17.59352336,44.25434912,GSM/UMTS/LTE,1.0,True
,,,,,,,,,,,,,PLANNED,100,EXACT,,,,,,,KRNDIJA,Zenica,FBiH,Tesanj,Prioritet za agregat 2,"DA, ima mogućnost",NE,PLANIRANO 2026-2027,KRNDIJA,Krndija,17.98977032,44.62039149,GSM/UMTS/LTE,1.0,True
,,,,,,,,,,,,,PLANNED,80,FUZZY,,,,,,,TKC_GRADISKA,Zenica,RS,Bos. Gradiška,Prioritet za agregat 2,nema mogućnost montaže DEA,,,GRADISKA,Gradiska,17.25440927,45.14530701,GSM/UMTS/LTE,1.0,True
,,,,,,,,,,,,,PLANNED,100,EXACT,,,,,,,BABANOVAC_BRDO,Travnik,FBiH,Travnik,Prioritet za agregat 3,"DA, Na lokaciji ograđen manji prostor od zakupljenog, tako da je potrebno samo pomjeriti ogradu i proširiti temelj",DA,PLANIRANO 2026-2027,BABANOVAC_BRDO,Babanovac Brdo,17.54062856,44.32063289,GSM/UMTS/LTE,1.0,True
,,,,,,,,,,,,,PLANNED,100,EXACT,,,,,,,BUCEVCI,Bihać,FBiH,Buzim,Prioritet za agregat 3,"DA, ograda je uz objekat ali je zakup 10mx10m",,PLANIRANO 2026-2027,BUCEVCI,Bucevci,16.05601598,45.09106998,GSM/UMTS/LTE,1.0,True
,,,,,,,,,,,,,PLANNED,100,EXACT,,,,,,,CAPLJE,Bihać,FBiH,Sanski Most,Prioritet za agregat 3,"DA, ograda je uz objekat ali je zakup 10mx10m",,PLANIRANO 2026-2027,CAPLJE,Caplje,16.70231128,44.72876358,GSM/UMTS/LTE,1.0,True
,,,,,,,,,,,,,PLANNED,100,EXACT,,,,,,,PROZOR,Mostar,FBiH,Prozor,Prioritet za agregat 3,DA,DA,,PROZOR,Prozor,17.58901707,43.83889157,GSM/UMTS/LTE,1.0,True
,,,,,,,,,,,,,PLANNED,100,EXACT,,,,,,,TKC_PRNJAVOR,Zenica,RS,Prnjavor,Prioritet za agregat 3,nema mogućnost montaže DEA,,,TKC_PRNJAVOR,Prnjavor,17.66449527,44.8699696,GSM/UMTS/LTE,1.0,True
,,,,,,,,,,,,,PLANNED,82,FUZZY,,,,,,,TKC_BIJELJINA,Tuzla,RS,Bijeljina,Prioritet za agregat 3,"NE, nema mogućnost montaže agregata",,,BIJELJINA,Bijeljina,19.2176188,44.7582278,GSM/UMTS/LTE,1.0,True
,,,,,,,,,,,,,PLANNED,100,EXACT,,,,,,,BRATUNAC,Tuzla,RS,Bratunac,Već ima agregat,ima agregat,,,BRATUNAC,Bratunac,19.31563692,44.20012516,GSM/UMTS/LTE,1.0,True
,,,,,,,,,,,,,PLANNED,100,EXACT,,,,,,,GRACANICA,Tuzla,FBiH,Gračanica,Već ima agregat,ima agregat,,,GRACANICA,Gracanica,18.30935273,44.70517285,GSM/UMTS/LTE,1.0,True
,,,,,,,,,,,,,PLANNED,100,EXACT,,,,,,,JANJA,Tuzla,RS,Bijeljina,Već ima agregat,ima agregat,,,JANJA,Janja,19.24193,44.655458,GSM/UMTS/LTE,1.0,True
,,,,,,,,,,,,,PLANNED,100,EXACT,,,,,,,SREBRENIK,Tuzla,FBiH,Srebrenik,Već ima agregat,ima agregat,,,SREBRENIK,Srebrenik,18.49067572,44.70628376,GSM/UMTS/LTE,1.0,True
,,,,,,,,,,,,,PLANNED,100,EXACT,,,,,,,TEOCAK_CENTAR,Tuzla,FBiH,Teočak,Već ima agregat,ima agregat,,,TEOCAK_CENTAR,Teocak Centar,18.98579415,44.60315076,GSM/UMTS/LTE,1.0,True
,,,,,,,,,,,,,PLANNED,100,EXACT,,,,,,,TKC_KALESIJA,Tuzla,FBiH,Kalesija,Već ima agregat,ima agregat,,,TKC_KALESIJA,TKC Kalesija,18.87478604,44.44171504,GSM/UMTS/LTE,1.0,True
,,,,,,,,,,,,,PLANNED,100,EXACT,,,,,,,TKC TUZLA,Tuzla,FBiH,Tuzla,Već ima agregat,ima agregat,,,TUZLA_TKC,TKC Tuzla,18.69067377,44.53365298,GSM/UMTS/LTE,1.0,True
,,,,,,,,,,,,,PLANNED,100,EXACT,,,,,,,TKC ZENICA,Zenica,FBiH,Zenica,Već ima agregat,DA,,,ZENICA_TKC,TKC Zenica,17.906575,44.202745,GSM/UMTS/LTE,1.0,True
,,,,,,,,,,,,,PLANNED,100,EXACT,,,,,,,ZEBINA SUMA,Sarajevo,FBiH,Foča Ustikolina,Već ima agregat,,,,ZEBINA_SUMA,Zebina Suma,18.81238471,43.60705142,GSM/UMTS/LTE,1.0,True
,,,,,,,,,,,,,PLANNED,100,EXACT,,,,,,,ZVORNIK,Tuzla,RS,Zvornik,Već ima agregat,ima agregat,,,ZVORNIK,Zvornik,19.101906,44.36235501,GSM/UMTS/LTE,1.0,True
,,,,,,,,,,,,,PLANNED,75,FUZZY,,,,,,,TKC_ILIDZA,Sarajevo,FBiH,Ilidža,Već ima agregat,,,,ILIDZA,Ilidza,18.30721908,43.83071471,GSM/UMTS/LTE,1.0,True
,,,,,,,,,,,,,PLANNED,0,NO_MATCH,,,,,,,TKC_GORAZDE,Sarajevo,FBiH,Goražde,Već ima agregat,,,PLANIRANO 2026-2027,,,,,,,False
,,,,,,,,,,,,,PLANNED,0,NO_MATCH,,,,,,,TKC_OLOVO,Zenica,FBiH,Olovo,Već ima agregat,ima agregat,,,,,,,,,False
,,,,,,,,,,,,,PLANNED,0,NO_MATCH,,,,,,,TRAVNIK_TKC,Travnik,FBiH,Travnik,Već ima agregat,,,,,,,,,,False
,,,,,,,,,,,,,PLANNED,100,EXACT,,,,,,,BANOVICI_SELO,Tuzla,FBiH,Banovici,,,,PLANIRANO 2026-2027,BANOVICI_SELO,Banovici Selo,18.45396548,44.40613744,GSM/UMTS/LTE,1.0,True
,,,,,,,,,,,,,PLANNED,100,EXACT,,,,,,,BORIKE,Goražde,FBiH,Rogatica,,,,PLANIRANO 2026-2027,BORIKE,Borike,19.11779049,43.9079049,GSM/UMTS/LTE,1.0,True
,,,,,,,,,,,,,PLANNED,100,EXACT,,,,,,,GACKO,Mostar,RS,Gacko,,,,PLANIRANO 2026-2027,GACKO,Gacko,18.53693401,43.17489902,GSM/UMTS/LTE,1.0,True
,,,,,,,,,,,,,PLANNED,100,EXACT,,,,,,,POTOCI,Mostar,FBiH,Mostar,,,,PLANIRANO 2026-2027,POTOCI,Potoci,17.87635061,43.4140056,GSM/UMTS/LTE,1.0,True
,,,,,,,,,,,,,PLANNED,100,EXACT,,,,,,,HAMANDZICI,Travnik,FBiH,Travnik,,,,ZAVRSENO,HAMANDZICI,Hamandzici,17.45418072,44.28258569,GSM/UMTS/LTE,1.0,True
,,,,,,,,,,,,,PLANNED,100,EXACT,,,,,,,RAJCI,Travnik,FBiH,Gornji Vakuf,,,,PLANIRANO 2026-2027,RAJCI,Rajci,17.56807209,43.96853504,GSM/UMTS/LTE,1.0,True
,,,,,,,,,,,,,PLANNED,100,EXACT,,,,,,,DEVETINE,Zenica,RS,Laktaši,,,,UGOVORENO,DEVETINE,Devetina,17.39941153,44.86473169,GSM/UMTS/LTE,1.0,True
,,,,,,,,,,,,,PLANNED,100,EXACT,,,,,,,OBODNICA,Tuzla,FBiH,Tuzla,,,,PLANIRANO 2026-2027,OBODNICA,Obodnica,18.64516702,44.61052654,GSM/UMTS/LTE,1.0,True
,,,,,,,,,,,,,PLANNED,100,EXACT,,,,,,,SATOROVICI,Tuzla,BD,Brčko Distrikt,,,,PLANIRANO 2026-2027,SATOROVICI,Satorovici,18.77920322,44.75705097,GSM/UMTS/LTE,1.0,True
,,,,,,,,,,,,,PLANNED,100,EXACT,,,,,,,SITOMIR,Mostar,FBiH,Ljubuški,,,,UGOVORENO,SITOMIR,Sitomir,17.54832352,43.20550745,GSM/LTE,1.0,True
,,,,,,,,,,,,,PLANNED,100,EXACT,,,,,,,JELICA,Mostar,FBiH,Prozor,,,,,JELICA,Jelica,17.68431783,43.76393944,GSM/LTE,1.0,True
,,,,,,,,,,,,,PLANNED,100,EXACT,,,,,,,LJUTOC,Bihać,FBiH,Bihać,,,,UGOVORENO,LJUTOC,Ljutoc,16.04197243,44.67663004,GSM/LTE,1.0,True
,,,,,,,,,,,,,PLANNED,100,EXACT,,,,,,,KLJUC,Bihać,FBiH,Ključ,,,,PLANIRANO 2026-2027,KLJUC,Kljuc,16.78370509,44.53976578,GSM/UMTS/LTE,1.0,True
,,,,,,,,,,,,,PLANNED,100,EXACT,,,,,,,KOZARAC,Bihać,RS,Prijedor,,,,PLANIRANO 2026-2027,KOZARAC,Kozarac,16.8322011,44.97136526,GSM/UMTS/LTE,1.0,True
,,,,,,,,,,,,,PLANNED,100,EXACT,,,,,,,HINJEVAC,Goražde,RS,Višegrad,,,,PLANIRANO 2026-2027,HINJEVAC,Hinjevac,19.20215991,43.70179852,GSM/UMTS/LTE,1.0,True
,,,,,,,,,,,,,PLANNED,100,EXACT,,,,,,,MRKONJIC_GRAD,Travnik,RS,Mrkonjić Grad,,,,PLANIRANO 2026-2027,MRKONJIC_GRAD,Mrkonjic Grad,17.09353383,44.4248179,GSM/UMTS/LTE,1.0,True
,,,,,,,,,,,,,PLANNED,100,EXACT,,,,,,,KOMUSINA,Zenica,RS,Teslić,,,,PLANIRANO 2026-2027,KOMUSINA,Komusina,17.89181339,44.53008594,GSM/UMTS/LTE,1.0,True
,,,,,,,,,,,,,PLANNED,100,EXACT,,,,,,,LEOTAR ,Mostar,RS,Trebinje,,,,,LEOTAR,Leotar,18.34386402,42.74491902,GSM/UMTS/LTE,1.0,True
,,,,,,,,,,,,,PLANNED,100,EXACT,,,,,,,BUTUROVIC_POLJE,Mostar,FBiH,Konjic,,,,,BUTUROVIC_POLJE,Buturovic Polje,17.80788141,43.72857436,GSM/UMTS/LTE,1.0,True
,,,,,,,,,,,,,PLANNED,100,EXACT,,,,,,,LANISTE,Bihać,FBiH,Ključ,,,,PLANIRANO 2026-2027,LANISTE,Laniste,16.65795971,44.55279294,GSM/LTE,1.0,True
,,,,,,,,,,,,,PLANNED,100,EXACT,,,,,,,LAZICI,Bihać,RS,Bos. Dubica,,,,PLANIRANO 2026-2027,LAZICI,Lazici,16.79605544,45.1364937,GSM/UMTS/LTE,1.0,True
,,,,,,,,,,,,,PLANNED,100,EXACT,,,,,,,ZAVIDOVICI,Zenica,FBiH,Zavidovići,,,,PLANIRANO 2026-2027,ZAVIDOVICI,Zavidovici,18.16895824,44.42380573,GSM/UMTS/LTE,1.0,True
,,,,,,,,,,,,,PLANNED,100,EXACT,,,,,,,KULEN_VAKUF,Bihać,FBiH,Bihać,,,,PLANIRANO 2026-2027,KULEN_VAKUF,Kulen Vakuf,16.10604861,44.57409549,GSM/UMTS/LTE,1.0,True
,,,,,,,,,,,,,PLANNED,84,FUZZY,,,,,,,KRUSCICA_ZE,Zenica,FBiH,Visoko,,,,PLANIRANO 2026-2027,KRUSCICA,Kruscica,18.19141223,44.00769641,GSM/UMTSL(FM),1.0,True
,,,,,,,,,,,,,PLANNED,76,FUZZY,,,,,,,FTTE_HAN_BILA,Travnik,FBiH,Travnik,,,,PLANIRANO 2026-2027,HAN_BILA,Han Bila,17.7621295,44.24648872,GSM/LTE,1.0,True
,,,,,,,,,,,,,PLANNED,0,NO_MATCH,,,,,,,VITEZ_VBUKOVICA,Travnik,FBiH,Travnik,,,,PLANIRANO 2026-2027,,,,,,,False
