STATUS_KATEGORIJA,MATCH_CONFIDENCE,MATCH_METHOD,NAZIV_OBJEKTA,OPCINA,DIREKCIJA,ENTITET,LONGITUDE_DECIMAL,LATITUDE_DECIMAL,TEHNOLOGIJA,NE_STATUS,SITE_ID,PROIZVOĐAČ,TIP_AGREAGTA,SNAGA_KVA,MOTOR,GENERATOR,UPRAVLJACKA_JED,NADZOR,IP_ADRESA,IZVEDBA,KAPACITET_SPREMNIKA,SERIJSKI_BROJ,GODINA_PROIZVODNJE,ZADNJI_SERVIS,PRIORITET,PROSTOR_MONTAZA,TREBA_DOZVOLA,KOMENTAR_PLAN,NAPOMENA_AGG
Postoji (U inventaru),0,NO_MATCH, VAREŠ,VAREŠ,ZENICA,,,,,,,TORPEDO RIJEKA,4S 280 M65-4-MCF,"125,00",TORPEDO 25108 B 558ZA,4S 280 M65-4-MCF,DSE 5200,NE,,STACIONARNI,400.0,379737-132942,1979,,,,,,
Postoji (U inventaru),0,NO_MATCH, ZENICA,ZENICA,ZENICA,,,,,,,GENELEC,DG6000LE-3,"5,00",D400E,A5L,,NE,,MOBILNI,5.0,,2014,,,,,,
Postoji (U inventaru),0,NO_MATCH, ZENICA,ZENICA,ZENICA,,,,,,,GENELEC,DG6000LE-3,"5,00",D400E,A5L,,NE,,MOBILNI,5.0,,2014,,,,,,
Postoji (U inventaru),0,NO_MATCH,A.POLJE DATA CENTAR,SARAJEVO,SARAJEVO,,,,,,,MATISA,DDM1-670AD,"680,00",DOOSAN DP222LB,MECC ALTE ECO40 2L/4,DSE 7410,DA,10.10.1.10,STACIONARNI,1200.0,MM18893,2018.0,,,,,,
Postoji (U inventaru),0,NO_MATCH,ALAGINCI,KOSTAJNICA,BIHAĆ,,,,,,,ULUGUC,UG-PR33,"33,00",PERKINS 1103A-33G (DJ32003),GENSAN GSA 283M/T4,DSE 7420 MKII,DA,10.10.4.69,U IZOL. KUĆIŠTU,500.0,U 506685 D - 11453,2018.0,,,,,,
Postoji (U inventaru),0,NO_MATCH,ALIPAŠINO POLJE,SARAJEVO,SARAJEVO,,,,,,,FG WILSON,P660E5,"670,00",PERKINS 2806A-E18TAG1A,LEROY SOMER LL6114K-G,DSE 7420,DA,,STACIONARNI,16000.0,228699-10/JGXF2004 U172508,2008.0,,,,,,02.2020. izvršena zamjena start baterije
Postoji (U inventaru),0,NO_MATCH,ALIPAŠINO POLJE,SARAJEVO,SARAJEVO,,,,,,,FG WILSON,P1000E1,"1000,00",PERKINS 4008TAG1A,LEROY SOMER L7224N,DSE 7420 MKII,DA,,STACIONARNI,2000.0,,2022.0,,,,,,Dvije aku baterije 12V 145Ah
Postoji (U inventaru),0,NO_MATCH,BABANOVAC,TRAVNIK,TRAVNIK,,,,,,,ACME,ADN43W,"4,50",ACME,SINCRO,,NE,,MOBILNI,5.0,3088144,1998.0,,,,,,
Postoji (U inventaru),0,NO_MATCH,BANOVIĆI,BANOVIĆI,TUZLA,,,,,,,MATISA,P75SS,"72,50",PERKINS 1004-4T (AB35049),STAMFORD UCD224F,TE803,DA,,U IZOL. KUĆIŠTU,450.0,P2001-15-0663,2001.0,,,,,,NADZOR: DIAL-UP
Postoji (U inventaru),0,NO_MATCH,BAŠČARŠIJA,SARAJEVO,SARAJEVO,,,,,,,MATISA,F-250 MAU,"250,00",IVECO 8210 SRI25.01 A550,STAMFORD HCI444C-G,TE 803,DA,,STACIONARNI,400.0,0133014-07/568708,2001.0,,,,,,
Postoji (U inventaru),0,NO_MATCH,BIHAĆ ,BIHAĆ,BIHAĆ,,,,,,,CATERPILLAR,DE18E3,"18,00",CAT C2.2,CAT M1434L4,DSE 4520 MKII,NE,,MOBILNI,55.0,CAT00C22HGBY11868,2021.0,,,,,,
Postoji (U inventaru),0,NO_MATCH,BIHAĆ ,BIHAĆ,BIHAĆ,,,,,,,FG WILSON,P300-5,"300,00",PERKINS 1506A-E88TAG4,FG26A230,DSE 7420 MKII,DA,10.10.4.34,STACIONARNI,2000.0,FGWPSG02LPC501234,2021.0,,,,,,
Postoji (U inventaru),0,NO_MATCH,BLAGAJ,MOSTAR,MOSTAR,,,,,,,FG WILSON,PH 22 E 2,"22,00",PERKINS 404C-22G2,,,NE,,STACIONARNI,3000.0,,2004.0,,,,,,
Postoji (U inventaru),0,NO_MATCH,BLIZNA,ZAVIDOVIĆI,ZENICA,,,,,,,MATISA,PS1-14AD-ATL,"13,30",PERKINS 403C-15 IOPU (HL35100U),STAMFORD BS164D,RGK 60,NE,,STACIONARNI,3000.0,,2010,,,,,,
Postoji (U inventaru),0,NO_MATCH,BOSANSKA POLJANA,TUZLA,TUZLA,,,,,,,MATISA,P-75 SS,"72,50",PERKINS 1004-4T (AB37516),STAMFORD UCD224F,RGK60,NE,,U IZOL. KUĆIŠTU,200.0,2001.49.2065,2001,,,,,,
Postoji (U inventaru),0,NO_MATCH,BOSANSKI PETROVAC,BOSANSKI PETROVAC,BIHAĆ,,,,,,,FG WILSON,XP88E1,"88,00",PERKINS RS51306,Leroy Somer LL 2014L,DSE,DA,,STACIONARNI,420.0,GTS00526,2005.0,,,,,,
Postoji (U inventaru),0,NO_MATCH,BRATILO,KLADANJ,TUZLA,,,,,,,FG WILSON,P33-3,"33,00",PERKINS 1103A-33G1 (DJ32011),MARELLI MJB 160 MB4,DSE 7420,DA,10.10.2.47,U IZOL. KUĆIŠTU,500.0,FGWPEP21VAMU06442,2016.0,,,,,,
Postoji (U inventaru),0,NO_MATCH,BRATUNAC,BRATUNAC,TUZLA,,,,,,,TEKSAN,TJ35BD5L,"35,00",BAUDOUIN 4M06G35/5,LEROY SOMER TAL 042C J 6S/4,DSE 7420 MKII,DA,10.10.2.39,U IZOL. KUĆIŠTU,600.0,DDK3637,2022.0,,,,,,
Postoji (U inventaru),0,NO_MATCH,BREZA,BREZA,ZENICA,,,,,,,MATISA,P40 MAUWIN,"42,50",PERKINS F4063,STAMFORD BS5000,TE 803,NE,,STACIONARNI,450.0,P2001-25-1068,2001,,,,,,
Postoji (U inventaru),0,NO_MATCH,BREZOVAČA,SARAJEVO,SARAJEVO,,,,,,,MATISA,PS1-14AD-ATL,"13,30",PERKINS 403C-15 IOPU (HL35100U),STAMFORD BS164D,RGK 60,NE,,STACIONARNI,3000.0,0241431/019,2008.0,,,,,,
Postoji (U inventaru),0,NO_MATCH,BREZOVAČA,SARAJEVO,SARAJEVO,,,,,,,MATISA,PS1-14AD-ATL,"13,30",PERKINS 403C-15 IOPU (HL35100U),STAMFORD BS164D,RGK 60,NE,,STACIONARNI,3000.0,0241431/010,2008.0,,,,,,
Postoji (U inventaru),0,NO_MATCH,BRKA,BRČKO,TUZLA,,,,,,,MATISA,P42SS,"42,00",PERKINS 4.236 (LD35008),MARELLI M8B 200 SB 4,RGK60,NE,,U IZOL. KUĆIŠTU,,,1994.0,,,,,,REZERVOAR: 100L
Postoji (U inventaru),0,NO_MATCH,BUGOJNO,BUGOJNO,TRAVNIK,,,,,,,FG WILSON,P65E3,"65,00",PERKINS 1103A-33TG2 (DKU133904P) ,LEROY SOMER LL2014H,DSE 7420 MKII,NE,10.10.6.75,STACIONARNI,175.0,FGWPEPP5HATS13004,2007.0,,,,,,
Postoji (U inventaru),0,NO_MATCH,BUKOVIK,SARAJEVO,SARAJEVO,,,,,,,KUNER/TESSARI,IDGS-IVE80/PTT,"80,00",IVECO aifo SI 16.05 A550,ST.33 604 1025-G,DSE 7420,DA,10.41.1.137,STACIONARNI,1000.0,C 073498/07,1997.0,,,,,,"stanje na 16.10.2020. broj sati rada 641,12h , stanje goriva 81%"
Postoji (U inventaru),0,NO_MATCH,BUŽIM 1,BUŽIM,BIHAĆ,,,,,,,ULUGUC,UG-PR22,"22,00",PERKINS 404A-22G1,GENSAN GSA274L/4,DSE 7420 MKII,DA,10.10.4.70,U IZOL. KUĆIŠTU,500.0,U 949168 D - 11531,2018.0,,,,,,
Postoji (U inventaru),0,NO_MATCH,BUŽIM STARI,BUŽIM,BIHAĆ,,,,,,,MATISA,MB-RS2-12000TDSE,"15,60",LOMBARDINI,SINCRO,NE,NE,,MOBILNI,12.0,5771955,2011.0,,,,,,
Postoji (U inventaru),0,NO_MATCH,DIREKCIJA BRČKO TKC,BRČKO,TUZLA,,,,,,,MATISA,BM3 100AD,"100,00",BAUDOUIN 4M11G110/5E2,,DSE 7420,NE,,U IZOL. KUĆIŠTU,400.0,MT 2554,2019.0,,,,,,
Postoji (U inventaru),0,NO_MATCH,DOLAC MALTA,SARAJEVO,SARAJEVO,,,,,,,MATISA,MTU1000AUWIN,"1000,00",MTU 18V2000-M,STAMFORD HC.IG34K1-G,TE 803,DA,,STACIONARNI,16000.0,P212-117/01,2001.0,,,,,,
Postoji (U inventaru),0,NO_MATCH,DOLAC MALTA,SARAJEVO,SARAJEVO,,,,,,,CATERPILLAR,plinski,"280,00",,,,DA,,STACIONARNI,,,1993.0,,,,,,
Postoji (U inventaru),0,NO_MATCH,DOLAC MALTA,SARAJEVO,SARAJEVO,,,,,,,FG WILSON,P900E1,"900,00",PERKINS 4006-23TAG3A (DGDF8551),LEROY SOMER LL7024P,DSE 7410,DA,,STACIONARNI,1600.0,FGWRPES3VDPS05054,2019.0,,,,,,
Postoji (U inventaru),0,NO_MATCH,DOLAC MALTA,SARAJEVO,SARAJEVO,,,,,,,CATERPILLAR,DE18E3,"18,00",CAT C2.2,CAT M1434L4,TCP1000,NE,,MOBILNI,55.0,CAT00C22AGBY11866,2021.0,,,,,,
Postoji (U inventaru),0,NO_MATCH,DOLOVI,OLOVO,ZENICA,,,,,,,TEKSAN,TJ35BD5L,"35,00",BAUDOUIN 4M06G35/5,LEROY SOMER TAL 042C,DSE 7420 MKII,DA,10.10.3.203,U IZOL. KUĆIŠTU,600.0,DD92456,2022,,,,,,
Postoji (U inventaru),0,NO_MATCH,DONJI VAKUF,DONJI VAKUF,TRAVNIK,,,,,,,FG WILSON,P44E3,"44,00",PERKINS 1103A-33TG1 (DKU121468P),LEROY SOMER LL2014B,PWP10,NE,,STACIONARNI,170.0,FGWPEPP5LATS11879,2007.0,,,,,,
Postoji (U inventaru),0,NO_MATCH,FOJNICA,FOJNICA,TRAVNIK,,,,,,,FG WILSON,P30E1,"30,00",PERKINS 1103A-33G1 (DJU114109P),LEROY SOMER LL1014B,DSE 7420 MKII,NE,,STACIONARNI,175.0,FGWPEPP4CETH10743,2007.0,,,,,,
Postoji (U inventaru),0,NO_MATCH,FORTICA,MOSTAR,MOSTAR,,,,,,,FG WILSON,P33-3,"33,00",PERKINS 1103A-33G1,LEROY SOMER LL1014S,DSE 7420,NE,,U IZOL. KUĆIŠTU,250.0,,2015.0,,,,,,
Postoji (U inventaru),0,NO_MATCH,GORNJI VAKUF,GORNJI VAKUF,TRAVNIK,,,,,,,FG WILSON,P30E1,"30,00",PERKINS 1103A-33G1 (DJU151192P),LEROY SOMER LL1014B,PWP10,NE,,STACIONARNI,175.0,FGWPEPP4AETH08381,2007.0,,,,,,
Postoji (U inventaru),0,NO_MATCH,GRADAČAC,GRADAČAC,TUZLA,,,,,,,KUMER,IDGS-IVE80/PTT,"80,00",IVECO 8061 SI 16.05 A550,STAMFORD UC.274C,RGK60,NE,,STACIONARNI,900.0,33602-1021,1996.0,,,,,,
Postoji (U inventaru),0,NO_MATCH,GRAČANICA,GRAČANICA,TUZLA,,,,,,,MATISA,P-75 SS,"72,50",PERKINS 1004-4T (AB35049),STAMFORD UCD224F,TE803,DA,,U IZOL. KUĆIŠTU,450.0,P2001-15-0664,2001.0,,,,,,NADZOR: DIAL-UP
Postoji (U inventaru),0,NO_MATCH,GRDONJ,CENTAR,SARAJEVO,,,,,,,ULUGUC,UG-PR33,"33,00",PERKINS 1103A-33G (DJ32003),GENSAN GSA 283M/T4,DATAKOM D500,DA,10.41.0.247,U IZOL. KUĆIŠTU,500.0,P2018033001,2018.0,,,,,,"stanje na 16.10.2020. broj sati rada 64,6h. stanje goriva 100%"
Postoji (U inventaru),0,NO_MATCH,HADŽIĆA BRDO,GORAŽDE,SARAJEVO,,,,,,,FG WILSON,P33-3,"33,00",PERKINS 1103A-33G (DJ32011),MARELLI MJB160 MB4,DSE 7420 MKII,DA,10.41.24.50,U IZOL. KUĆIŠTU,600.0,FGWPEP21AAMU07043,2020.0,,,,,,Baterija montirana 12.2020.
Postoji (U inventaru),0,NO_MATCH,HAMAMDŽIĆI,TRAVNIK,TRAVNIK,,,,,,,MATISA,PS1-14AD-ATL,"13,30",PERKINS 403C-15 IOPU (HL35100U),STAMFORD BS164D,RGK 60,NE,,STACIONARNI,3000.0,MM8110,2008.0,,,,,,
Postoji (U inventaru),0,NO_MATCH,HOST BIHAĆ  CENTAR ,BIHAĆ,BIHAĆ,,,,,,,MATISA,P130 MAUSP,"136,00",PERKINS 1006-6TAG,MARELLI MJB 250 MA4,TE 804,DA,,STACIONARNI,1000.0,12040,2005.0,,,,,,
Postoji (U inventaru),0,NO_MATCH,HOST TKC BIHAĆ,BIHAĆ,BIHAĆ,,,,,,,GENELEC,GENELEC GLW3-20,"16,00",LOMBARDINI LDW 1003/B1,SINCRO FT2MDR,NE,NE,,MOBILNI,50.0,5707147,2009.0,,,,,,
Postoji (U inventaru),0,NO_MATCH,HOST TKC BIHAĆ,BIHAĆ,BIHAĆ,,,,,,,MATISA,P 130 MAUSP,"136,00",Perkins  1006 6 TAG,STAMFORD UC. I274E1,TE 21447,NE,,STACIONARNI,3000.0,0791173J,2003.0,,,,,,
Postoji (U inventaru),0,NO_MATCH,HOST TKC BIHAĆ,BIHAĆ,BIHAĆ,,,,,,,MATISA,MB-B7000LS1-7,"7,00",LOMBARDINI 3LD 450,SINCRO ET2MCS,,NE,,MOBILNI,5.0,MB2275,2008.0,,,,,,
Postoji (U inventaru),0,NO_MATCH,HOST TKC BIHAĆ,BIHAĆ,BIHAĆ,,,,,,,IVECO-TESARI,IDGS-IVE125,"125,00",IVECO TESSARI 8061 SRI 26.05 A 550,,NE,NE,,U IZOL. KUĆIŠTU,300.0,33601-1015,1996.0,,,,,,
Postoji (U inventaru),0,NO_MATCH,HRASNICA,SARAJEVO,SARAJEVO,,,,,,,KUNER/TESSARI,IDGS-IVE80/PTT,"80,00",IVECO aifo SI 16.05 A550,ST.33 604 1025-G,DA,DA,,STACIONARNI,460.0,,1997.0,,,,,,
Postoji (U inventaru),0,NO_MATCH,ILIDŽA,SARAJEVO,SARAJEVO,,,,,,,KUNER/TESSARI,IDGS-IVE250/PTT,"250,00",IVECO 8210 SRI 25.01,,TE 803,DA,,STACIONARNI,400.0,C061031-4/433093,1998.0,,,,,,
Postoji (U inventaru),0,NO_MATCH,ILINČICA,TUZLA,TUZLA,,,,,,,KUMER,IDGS-IVE80/PTT,"80,00",IVECO 8061 SI 16.05 A550,STAMFORD UC.274C,RGK60,DA,,STACIONARNI,500.0,33602-1019,1996,,,,,,NADZOR: DIAL-UP
Postoji (U inventaru),0,NO_MATCH,JABLANICA,JABLANICA,MOSTAR,,,,,,,FG WILSON,DH 22 E 2,"22,00",,,,NE,,STACIONARNI,200.0,,,,,,,,
Postoji (U inventaru),0,NO_MATCH,JANJA,BIJELJINA,TUZLA,,,,,,,ULUGUC,UG-PR33,"33,00",PERKINS 1103A-33G (DJ32003),GENSAN GSA 273M/T4,DATAKOM D500,DA,10.10.2.24,U IZOL. KUĆIŠTU,500.0,P2018033002,2018.0,,,,,,
Postoji (U inventaru),0,NO_MATCH,KAKANJ,KAKANJ,ZENICA,,,,,,,MATISA,P100 MAU WIN,"100,00",PERKINS F3259,STAMFORD,TE 803,NE,,STACIONARNI,450.0,P2001-25-1070,2001,,,,,,
Postoji (U inventaru),0,NO_MATCH,KALESIJA,KALESIJA,TUZLA,,,,,,,MATISA,P27 SS,"27,50",PERKINS 3.152 (CM37509),STAMFORD BC.184F,TE803,DA,,U IZOL. KUĆIŠTU,450.0,107,2002.0,,,,,,NADZOR: DIAL-UP
Postoji (U inventaru),0,NO_MATCH,KARAŠNICA,ILIJAŠ,SARAJEVO,,,,,,,FG WILSON,P33-3,"33,00",PERKINS 1103A-33G (DJ32011),MARELLI MJB160 MB4,DSE 7420 MKII,DA,10.41.0.54,U IZOL. KUĆIŠTU,600.0,FGWPEP21VAMU06957,2020.0,,,,,,95Ah baterija montirana 12.2020.
Postoji (U inventaru),0,NO_MATCH,KLADANJ,KLADANJ,TUZLA,,,,,,,MATISA,P27 SS,"27,50",PERKINS 3.152 (CM37509),STAMFORD BC.184F,TE803,DA,,U IZOL. KUĆIŠTU,850.0,106,2002.0,,,,,,NADZOR: DIAL-UP
Postoji (U inventaru),0,NO_MATCH,KLOKOTNICA,DOBOJ ISTOK,TUZLA,,,,,,,TEKSAN,TJ35BD5L,"35,00",BAUDOUIN 4M06G35/5,LEROY SOMER TAL 042C J 6S/4,DSE 7420 MKII,DA,10.10.2.37,U IZOL. KUĆIŠTU,600.0,DDK3641,2022.0,,,,,,
Postoji (U inventaru),0,NO_MATCH,KONJEVIĆ POLJE,BRATUNAC,TUZLA,,,,,,,ULUGUC,UG-PR33,"33,00",PERKINS 1103A-33G (DJ32003),GENSAN GSA 273M/T4,DATAKOM D500,DA,10.10.2.21,U IZOL. KUĆIŠTU,500.0,P2018033003,2018.0,,,,,,
Postoji (U inventaru),0,NO_MATCH,KONJIC,KONJIC,MOSTAR,,,,,,,GENELEC,ET2M-S,"6,00",,,,NE,,STACIONARNI,5.0,2005545,2008.0,,,,,,
Postoji (U inventaru),0,NO_MATCH,KVARC,SREBRENICA,TUZLA,,,,,,,FG WILSON,P33-1,"33,00",PERKINS 1103A-33G1,LEROY SOMER LL1014S,DSE 7420,DA,10.10.2.25,STACIONARNI,300.0,FGWPEP21CAMU04883,2015,,,,,,
Postoji (U inventaru),0,NO_MATCH,LISAC,ZENICA,ZENICA,,,,,,,KUNER/TESSARI,IDGS-IVE80/PTT,"100,00",IVECO aifo SI 8061.S1.16,STAMFORD UC.274C,TE6331/1,NE,,STACIONARNI,500.0,304986,1996,,,,,,
Postoji (U inventaru),0,NO_MATCH,LISIN,KONJIC,MOSTAR,,,,,,,PERKINS,"PERKINS /2005. 82,5KVA-66 KW","82,50",PERKINS,,DSE 7320,DA,,STACIONARNI,10000.0,,2005.0,,,,,,28.05.2020 GODINE OD STRANE HIFAPETROLA DOSTAVLJENO I TANKOVANO U REZERVNI TANK 3.000 LITARA NAFTE....
Postoji (U inventaru),0,NO_MATCH,LOKVENI VRH,SANSKI MOST,BIHAĆ,,,,,,,FG WILSON,FG WILSON P55E1,"55,00",PERKINS 2506/1500,Leroy Somer LL2014D,DSE,DA,,STACIONARNI,1600.0,246906,2010.0,,,,,,
Postoji (U inventaru),0,NO_MATCH,LUKAVAC,LUKAVAC,TUZLA,,,,,,,MATISA,P-75 SS,"72,50",PERKINS 1004-4T (AB35049),STAMFORD UCD224F,TE803,DA,,U IZOL. KUĆIŠTU,450.0,P2001-14-0606,2001.0,,,,,,NADZOR: DIAL-UP
Postoji (U inventaru),0,NO_MATCH,MAGLAJ,MAGLAJ,ZENICA,,,,,,,KUNER/TESSARI,IDGS-IVE105/PTT,"105,00",IVECO aifo 8061 SI 07.05,STAMFORD,Energia Tessari,NE,,U IZOL. KUĆIŠTU,250.0,,1998,2023-08-23,,,,,
Postoji (U inventaru),0,NO_MATCH,MARKOVAC,DERVENTA,ZENICA,,,,,,,MATISA,PS1-14AD-ATL,"13,30",PERKINS 403C-15 IOPU (HL35100U),STAMFORD BS164D,RGK 60,DA,,STACIONARNI,3000.0,MM8108,2009,,,,,,
Postoji (U inventaru),0,NO_MATCH,MARKOVAC,DERVENTA,ZENICA,,,,,,,MATISA,PS1-14AD-ATL,"13,30",PERKINS 403C-15 IOPU (HL35100U),STAMFORD BS164D,RGK 60,DA,,STACIONARNI,3000.0,MM8109,2009,,,,,,
Postoji (U inventaru),0,NO_MATCH,MERAJE,BRČKO,TUZLA,,,,,,,ULUGUC,UG-PR33,"33,00",PERKINS 1103A-33G (DJ32003),GENSAN GSA 273M/T4,DATAKOM D500,DA,10.10.2.27,U IZOL. KUĆIŠTU,500.0,PR2019033008,2019.0,,,,,,
Postoji (U inventaru),0,NO_MATCH,MLINIŠTE,GLAMOČ,TRAVNIK,,,,,,,FG WILSON,P13.5-4,"13,30",,,,DA,,STACIONARNI,1000.0,,2019.0,,,,,,
Postoji (U inventaru),0,NO_MATCH,MOSTAR,MOSTAR,MOSTAR,,,,,,,CATERPILLAR,DE18E3,"18,00",CAT C2.2,CAT M1434L4,TCP1000,NE,,MOBILNI,55.0,,2021.0,,,,,,
Postoji (U inventaru),0,NO_MATCH,MOTAJICA,SRBAC,ZENICA,,,,,,,TEKSAN,TJ35BD5L,"35,00",BAUDOUIN 4M06G35/5,LEROY SOMER TAL 042C,DSE 7420 MKII,DA,10.10.3.201,U IZOL. KUĆIŠTU,600.0,DDK 3669,2022,,,,,,
Postoji (U inventaru),0,NO_MATCH,NEMILA,NEMILA,ZENICA,,,,,,,KUNER/TESSARI,IDGS-IVE80/PTT,"100,00",IVECO aifo 8061 SI 07.05,STAMFORD UC.274013,DSE 5200,NE,,STACIONARNI,1000.0,,2000,,,,,,
Postoji (U inventaru),78,FUZZY,NOVI TKC,MOSTAR,MOSTAR,,17.96708684,44.75685807,GSM/LTE,1.0,728.0,ZORDAN-ITALY,3061SRI2505A550,"360,00",IVECO,ZORDAN,DSE 7320,DA,,STACIONARNI,10000.0,,2010.0,,,,,,
Postoji (U inventaru),78,FUZZY,NOVI TKC,MOSTAR,MOSTAR,,17.96708684,44.75685807,GSM/LTE,1.0,728.0,HONDA,ECT 7000,"6,00",HONDA,,,NE,,MOBILNI,5.0,,2011.0,,,,,,
Postoji (U inventaru),78,FUZZY,NOVI TKC,MOSTAR,MOSTAR,,17.96708684,44.75685807,GSM/LTE,1.0,728.0,HONDA,ECT 7000,"6,00",HONDA,,,NE,,MOBILNI,5.0,,2011.0,,,,,,
Postoji (U inventaru),0,NO_MATCH,NOVI TRAVNIK,NOVI TRAVNIK,TRAVNIK,,,,,,,FG WILSON,P30E1,"30,00",PERKINS 1103A-33G1 (DJU115661P),LEROY SOMER LL1014B,PWP10,NE,,STACIONARNI,175.0,FGWPEPP4CETH08404,2007.0,,,,,,
Postoji (U inventaru),0,NO_MATCH,OBALA,SARAJEVO,SARAJEVO,,,,,,,MATISA,F-250 MAU,"250,00",IVECO 8210 SRI25.01,STAMFORD HCI444C-G,TE 803,NE,,STACIONARNI,255.0,0133014-06/573677,2008.0,,,,,,
Postoji (U inventaru),0,NO_MATCH,OLOVO,OLOVO,ZENICA,,,,,,,MATISA,P40 MAUWIN,"42,50",PERKINS F4063,STAMFORD ,TE 803,NE,,STACIONARNI,450.0,P2001-25-1067,2001,,,,,,
Postoji (U inventaru),0,NO_MATCH,OLOVO,OLOVO,ZENICA,,,,,,,ACME,ADN43W,"4,50",ACME,SINCRO,,NE,,MOBILNI,5.0,,2001,,,,,,
Postoji (U inventaru),0,NO_MATCH,ORMANJ,SARAJEVO,SARAJEVO,,,,,,,FG WILSON,P33-3,"33,00",PERKINS 1103A-33G1,MARELLI MJB 160 MB4,DSE 7420,DA,10.41.30.167,STACIONARNI,1000.0,FGWPEP21HAMU06364,2016.0,,,,,,"stanje na 16.10.2020. broj sati rada: 10,16h, stanje goriva: 79%

06.2020. izvršena zamjena start baterije"
Postoji (U inventaru),0,NO_MATCH,OSTROŽAC,CAZIN,BIHAĆ,,,,,,,MATISA,WFM R130 TDE,"7,00",RUGGENINI  RD 210,,NE,NE,,MOBILNI,20.0,01 22734,2000.0,,,,,,
Postoji (U inventaru),0,NO_MATCH,OZIMICE II,BIHAĆ,BIHAĆ,,,,,,,FG WILSON,P30,"30,00",PERKINS 1103A-33 (DJ51323),LEROY SOMER LL1014S,DSE 5220,DA,,STACIONARNI,200.0,DJ51323,2010.0,,,,,,
Postoji (U inventaru),0,NO_MATCH,PAJIĆ POLJE,GORNJI VAKUF,TRAVNIK,,,,,,,LOMBARDINI,6LD400,"5,00",LOMBARDINI 6LD400,,,NE,,MOBILNI,10.0,,1996.0,,,,,,
Postoji (U inventaru),0,NO_MATCH,PARIĆ,MOSTAR,MOSTAR,,,,,,,FG WILSON,P33-1,"33,00",PERKINS 1103A-33G1,MARELLI MJB 160 MB4,DCP-10,NE,,STACIONARNI,1000.0,FGWPEP21KAMU04881,2016.0,,,,,,
Postoji (U inventaru),0,NO_MATCH,PAŠA BUNAR,TUZLA,TUZLA,,,,,,,FG WILSON,P150-3,"150,00",PERKINS 1006-6TW (YD51565),LEROY SOMER LL3014E,DSE 7410,DA,10.10.2.52,U IZOL. KUĆIŠTU,450.0,FGWPEP25EEMU05032,2014,,,,,,
Postoji (U inventaru),0,NO_MATCH,PERUNIKA,ZVORNIK,TUZLA,,,,,,,ULUGUC,UG-PR33,"33,00",PERKINS 1103A-33G (DJ32003),GENSAN GSA 273M/T4,DATAKOM D500,DA,10.10.2.6,U IZOL. KUĆIŠTU,500.0,P2018033001,2018,,,,,,
Postoji (U inventaru),0,NO_MATCH,PETIBOR,GORAŽDE,SARAJEVO,,,,,,,FG WILSON,P33-3,"33,00",PERKINS 1103A-33G (DJ32011),MARELLI MJB160 MB4,DSE 7420 MKII,DA,10.41.24.49,U IZOL. KUĆIŠTU,600.0,FGWPEP21CAMU07047,2020.0,,,,,,95Ah baterija montirana 12.2020.
Postoji (U inventaru),0,NO_MATCH,PLOČNIK,LJUBINJE,MOSTAR,,,,,,,CONEX,39A4R45,"53,00",STAMFORD,,DSE 7420,DA,,STACIONARNI,2000.0,,,,,,,,
Postoji (U inventaru),0,NO_MATCH,POTOCI,MOSTAR,MOSTAR,,,,,,,CTM,LD 30 /W2,"30,00",LISTER-PETTER,,560-149,NE,,STACIONARNI,50.0,A0686D / 001,1995.0,,,,,,
Postoji (U inventaru),0,NO_MATCH,SAPNA CENTAR,SAPNA,TUZLA,,,,,,,MATISA,P33,"15,00",HL35100U (403c-15),STAMFORD BC.16D,RGK60,NE,,STACIONARNI,450.0,NEMA,NEMA,,,,,,
Postoji (U inventaru),0,NO_MATCH,SKOKOVI,CAZIN,BIHAĆ,,,,,,,MATISA,MB-B7000LSI-7,"7,00",LOMBARDINI 3LD 450,SINCRO ET2MCS,,NE,,MOBILNI,5.0,2182264,2008.0,,,,,,
Postoji (U inventaru),0,NO_MATCH,SLIMENA,TRAVNIK,TRAVNIK,,,,,,,FG WILSON,P110-2,"110,00",PERKINS 1104C-44TA,LEROY SOMER LL3014B,DSE 7410 MKII,NE,,U IZOL. KUĆIŠTU,250.0,FGWPEP24JDMU03276,2014.0,,,,,,tip 2643/1500
Postoji (U inventaru),80,FUZZY,SREBRENIK,SREBRENIK,TUZLA,,18.57167685,44.65143197,GSM/LTE,1.0,1777.0,TESSARI,IDGS-IVE80/PTT,"80,00",IVECO SI 16.05 A550,STAMFORD UC.274C,RGK60,DA,,U IZOL. KUĆIŠTU,400.0,13601-1017,1996,,,,,,NADZOR DIAL-UP
Postoji (U inventaru),0,NO_MATCH,STRAŽEVAC,GRAČANICA,TUZLA,,,,,,,TEKSAN,TJ35BD5L,"35,00",BAUDOUIN 4M06G35/5,LEROY SOMER TAL 042C J 6S/4,DSE 7420 MKII,DA,10.10.2.41,U IZOL. KUĆIŠTU,600.0,DDK3671,2022.0,,,,,,
Postoji (U inventaru),0,NO_MATCH,SUHAČA,SANSKI MOST,BIHAĆ,,,,,,,MATISA,PS1-14AD-ATL,"13,30",PERKINS 403C-15 IOPU (HL35100U),STAMFORD BC.I164D1,RGK 60,NE,,STACIONARNI,3000.0,,2010.0,,,,,,
Postoji (U inventaru),0,NO_MATCH,SUHAČA,SANSKI MOST,BIHAĆ,,,,,,,MATISA,PS1-14AD-ATL,"13,30",PERKINS 403C-15 IOPU (HL35100U),STAMFORD BC.I164D1,RGK 60,NE,,STACIONARNI,3000.0,,2010.0,,,,,,
Postoji (U inventaru),0,NO_MATCH,TEOČAK,TEOČAK,TUZLA,,,,,,,FG WILSON,P33-3,"33,00",PERKINS 1103A-33G1 (DJ32011),MARELLI MJB 160 MB4,DSE 7420,DA,10.10.2.48,U IZOL. KUĆIŠTU,500.0,FGWPEP21CAMU05970,2016,,,,,,
Postoji (U inventaru),0,NO_MATCH,TEOČAK CENTAR,TEOČAK,TUZLA,,,,,,,TEKSAN,TJ35BD5L,"35,00",BAUDOUIN 4M06G35/5,LEROY SOMER TAL 042C J 6S/4,DSE 7420 MKII,DA,10.10.2.38,U IZOL. KUĆIŠTU,600.0,DDK3640,2022,,,,,,
Postoji (U inventaru),0,NO_MATCH,TEŠANJ,TEŠANJ,ZENICA,,,,,,,MATISA,P40 MAUWIN,"42,50",PERKINS F4063,STAMFORD,TE 803,NE,,STACIONARNI,450.0,P2001-25-1069,2002,,,,,,
Postoji (U inventaru),0,NO_MATCH,TI A. POLJE DATA CENTAR,SARAJEVO,SARAJEVO,,,,,,,FG WILSON,P500E1,"500,00",PERKINS 2806C-E16TAG1-M,LEROY SOMER LL6014F-G,DSE 7410,DA,10.10.1.11,STACIONARNI,400.0,FGWRPES1HLPS03645,2005.0,,,,,,
Postoji (U inventaru),0,NO_MATCH,TKC ISKRA,MOSTAR,MOSTAR,,,,,,,TESSARI,IDGS-IVE125 / MK,"125,00",,,,NE,,U IZOL. KUĆIŠTU,200.0,,1996.0,,,,,,
Postoji (U inventaru),0,NO_MATCH,TKC KONJIC,KONJIC,MOSTAR,,,,,,,TORPEDO RIJEKA,45355 M85-4 C,"206,00",TORPEDO RIJEKA,RADE KONČAR,INTELILITE AMF 25,DA,,STACIONARNI,2000.0,376073-170235,1981.0,,,,,,NADLEŽNOST BH POŠTE
Postoji (U inventaru),0,NO_MATCH,TKC KONJIC,KONJIC,MOSTAR,,,,,,,MATISA,P 130 MAUSP,"136,00",PERKINS 1006-6TAG,STAMFORD UC. I274E1,,,,STACIONARNI,2000.0,,2003.0,,,,,,
Postoji (U inventaru),0,NO_MATCH,TRAMOŠNICA,GRADAČAC,TUZLA,,,,,,,TEKSAN,TJ35BD5L,"35,00",BAUDOUIN 4M06G35/5,LEROY SOMER TAL 042C J 6S/4,DSE 7420 MKII,DA,10.10.2.40,U IZOL. KUĆIŠTU,600.0,DDK3642,2022.0,,,,,,
Postoji (U inventaru),0,NO_MATCH,TRAVNIK,TRAVNIK,TRAVNIK,,,,,,,FG WILSON,P150E,"150,00",PERKINS 1006-6TW (YDU908985T),LEROY SOMER LL3014F,DSE 7410 MKII,DA,10.10.6.4,STACIONARNI,300.0,FGWPEP05TC0A14394,2009.0,,,,,,
Postoji (U inventaru),0,NO_MATCH,TRAVNIK,TRAVNIK,TRAVNIK,,,,,,,FG WILSON,P13.5-4,"13,80",PERKINS GK 65861 U,LEROY SOMER LL1014H,DCP10M,NE,,MOBILNI,60.0,FGWPEP15KD3L02351,2009.0,,,,,,
Postoji (U inventaru),0,NO_MATCH,TREBAČKO BRDO,TEŠANJ,ZENICA,,,,,,,TEKSAN,TJ35BD5L,"35,00",BAUDOUIN 4M06G35/5,LEROY SOMER TAL 042C,DSE 7420 MKII,DA,10.10.3.202,U IZOL. KUĆIŠTU,600.0,,2022,,,,,,
Postoji (U inventaru),0,NO_MATCH,TREBEVIĆ,SARAJEVO,SARAJEVO,,,,,,,FG WILSON,P33-1,"33,00",PERKINS 1103A-33G1 (DJU379084X),LEROY SOMER LL1014S,DSE 7420,DA,10.41.0.248,STACIONARNI,1000.0,FGWPEP21LAMU04693,2015.0,,,,,,"stanje na 16.10.2020. broj sati rada: 182,38h, stanje goriva 140cm"
Postoji (U inventaru),0,NO_MATCH,TURBE,TURBE,TRAVNIK,,,,,,,FG WILSON,P18-6,"18,00",PERKINS 404D-22G1,,DCP10,NE,,STACIONARNI,60.0,FGWPEP42LMWP00196,2013.0,,,,,,
Postoji (U inventaru),0,NO_MATCH,TUZLA,TUZLA,TUZLA,,,,,,,CATERPILLAR,DE18E3,"18,00",CAT C2.2,CAT M1434L4,TCP1000,NE,,MOBILNI,55.0,,2021,,,,,,
Postoji (U inventaru),0,NO_MATCH,TUZLA TKC,TUZLA,TUZLA,,,,,,,ULJANIK,AGD 571-12V71-K0633,"215,00",AGD 571-12V71-KO633,SIEMENS S4 06 4-K0570,DSE 7420 MKII,NE,,STACIONARNI,1500.0,367,1974,,,,,,
Postoji (U inventaru),0,NO_MATCH,TUŠNICA,TOMISLAVGRAD,TRAVNIK,,,,,,,FG WILSON,P27SS,"27,00",PERKINS,,,NE,,STACIONARNI,175.0,,2002.0,,,,,,
Postoji (U inventaru),0,NO_MATCH,TUŠNICA,TOMISLAVGRAD,TRAVNIK,,,,,,,FG WILSON,P27SS,"27,00",PERKINS,,,NE,,STACIONARNI,175.0,,2002.0,,,,,,
Postoji (U inventaru),0,NO_MATCH,TUŠNICA,TOMISLAVGRAD,TRAVNIK,,,,,,,FG WILSON,P33-3,"33,00",PERKINS 1103A-33G1,LEROY SOMER LL1014S,DSE 7420,DA,10.10.6.2,STACIONARNI,1000.0,FGWPEP21LAMU05357,2014.0,,,,,,
Postoji (U inventaru),0,NO_MATCH,UPRAVNA ZGRADA - FRANCA LEHARA 7,CENTAR,SARAJEVO,,,,,,,MATISA,PM1 450 AD,"450,00",PERKINS 2506C-E15TAG1,MECC ALTE ECO40 2S/4,DSE 7420 MKII,DA,10.10.1.12,STACIONARNI,950.0,MM 13528,2013.0,,,,,,"15.02.2023. Izvršena montaža strujnih transformatora za potrebe kontrole i praćenja električnih parametara DEA
10.11.2022. izvršena zamjena kontrolera DSE 7320 sa DSE 7420 MKII. Agregat dodan u nadzor. Ip adresa 10.10.1.12
11.11.2020. izvršena zamjena sta"
Postoji (U inventaru),0,NO_MATCH,US BOSANSKA KRUPA,BOSANSKA KRUPA,BIHAĆ,,,,,,,IVECO-TESARI,IVE100,"100,00",IVECO TESSARI ,,NE,NE,,U IZOL. KUĆIŠTU,300.0,,1996.0,,,,,,
Postoji (U inventaru),0,NO_MATCH,US BOSANSKA KRUPA,BOSANSKA KRUPA,BIHAĆ,,,,,,,MATISA,DM1 135 AD,"135,00",DEUTZ 13027701,SINCRO SK 225 LM,RGK60,DA,,STACIONARNI,2000.0,2452,2014.0,,,,,,
Postoji (U inventaru),0,NO_MATCH,US CAZIN,CAZIN,BIHAĆ,,,,,,,MATISA,DM1 135 AD,"135,00",DEUTZ 13027701,SINCRO SK 225 LM,RGK60,DA,,STACIONARNI,2000.0,2451,2014.0,,,,,,
Postoji (U inventaru),0,NO_MATCH,US GORNJA SANICA,KLJUČ,BIHAĆ,,,,,,,MATISA,B10000TDE,"10,00",LOMBARDINI 25 LD 425/2 B1,SINCRO ET 2L BS,,NE,,MOBILNI,10.0,MT2153,2005.0,,,,,,
Postoji (U inventaru),0,NO_MATCH,US KAMENICA,CAZIN,BIHAĆ,,,,,,,MATISA,B 700 TDE,"7,00",LOMBARDINI 3LD 450,SINCRO ET2MCS,,NE,,MOBILNI,5.0,2182264,2005.0,,,,,,
Postoji (U inventaru),0,NO_MATCH,US KLJUČ,KLJUČ,BIHAĆ,,,,,,,MATISA,JDM1-80AD,"80,00",JOHN DEERE 4045,MARELLI MJB 225 SA4,RGK60,DA,,STACIONARNI,1000.0,4095,2008.0,,,,,,
Postoji (U inventaru),0,NO_MATCH,US KLJUČ,KLJUČ,BIHAĆ,,,,,,,MATISA,MB-B7000LS1-7,"7,00",LOMBARDINI 3LD 450,Sincro ET2MCS,,NE,,MOBILNI,5.0,MB2276,2008.0,,,,,,
Postoji (U inventaru),0,NO_MATCH,US SANSKI MOST,SANSKI MOST,BIHAĆ,,,,,,,MATISA,B 7000 TDE,"7,00",LOMBARDINI 3LD 450,SINCRO ET2MCS,NE,NE,,MOBILNI,5.0,5252437,2005.0,,,,,,
Postoji (U inventaru),0,NO_MATCH,US SANSKI MOST,SANSKI MOST,BIHAĆ,,,,,,,MATISA,DM1 135 AD,"135,00",DEUTZ 13027701,SINCRO SK 225 LM,RGK60,DA,,STACIONARNI,2000.0,2455,2014.0,,,,,,
Postoji (U inventaru),0,NO_MATCH,US SANSKI MOST,SANSKI MOST,BIHAĆ,,,,,,,FG WILSON,P40,"40,00",PERKINS H3 DB2435-4759,,NE,NE,,U IZOL. KUĆIŠTU,150.0,Y4739B/003,,,,,,,
Postoji (U inventaru),0,NO_MATCH,US STIJENA,CAZIN,BIHAĆ,,,,,,,MATISA,---,"5,00",PERKINS,SINCRO ET2M-S,NE,NE,,MOBILNI,5.0,,,,,,,,
Postoji (U inventaru),0,NO_MATCH,US ĆORALIĆI,CAZIN,BIHAĆ,,,,,,,GENELEC,GENELEC GLW3-20,"16,00",LOMBARDINI LDW 1003/B1,SINCRO FT2MDR,,NE,,MOBILNI,50.0,8112768,2008.0,,,,,,
Postoji (U inventaru),0,NO_MATCH,V. VIDOVA,MOSTAR,MOSTAR,,,,,,,PERKINS-STANFORD,P75 M,"72,00",PERKINS 1004A-44,,DSE 7320,NE,,STACIONARNI,600.0,MT2112,2004.0,,,,,,
Postoji (U inventaru),0,NO_MATCH,VELIKA GOMILA,CAZIN,BIHAĆ,,,,,,,MATISA,P 70 MAT,"70,00",PERKINS U984201G,STAMFORD UCD224F,RGK 60,DA,,STACIONARNI,10000.0,3712H07A,2003.0,,,,,,
Postoji (U inventaru),0,NO_MATCH,VELIKA KLADUŠA,VELIKA KLADUŠA,BIHAĆ,,,,,,,FG WILSON,P110E_PWP10,"110,00",PERKINS 1006-6TG,Leroy Somer LL 3014B,DSE,DA,,STACIONARNI,1000.0,10395,2005.0,,,,,,
Postoji (U inventaru),0,NO_MATCH,VELIKI ŽEP,HAN PIJESAK,SARAJEVO,,,,,,,FG WILSON,P33-3,"33,00",PERKINS 1103A-33G1,MARELLI MJB 160 MB4,DSE 7420,DA,10.10.1.55,STACIONARNI,1000.0,,2018.0,,,,,,"15.10.2020. nasuto gorivo (stanje 91%). Broj sati rada 705,17 h

13.10.2020. agregat radio oko 7h 30min (stanje goriva 67%)."
Postoji (U inventaru),0,NO_MATCH,VINAC,JAJCE,TRAVNIK,,,,,,,FG WILSON,P13.5-6,"12,00",PERKINS 403D-15G,LEROY SOMER LL1114D,DCP10,NE,,STACIONARNI,200.0,FGWPEP41CMWO00147,2012.0,,,,,,
Postoji (U inventaru),0,NO_MATCH,VISIBABA,CAZIN,BIHAĆ,,,,,,,FG WILSON,P33-3,"33,00",PERKINS 1103A-33G (DJ32011),MARELLI MJB160 MB4,DSE 7420 MKII,DA,10.10.4.71,U IZOL. KUĆIŠTU,600.0,FGWPEP21JAMU 07040,2020.0,,,,,,
Postoji (U inventaru),0,NO_MATCH,VISOKO,VISOKO,ZENICA,,,,,,,KUNER/TESSARI,IDGS-IVE80/PTT,"100,00",IVECO aifo SI 16.05 A550,ST.33 604 1025-G,TESARI,NE,,STACIONARNI,150.0,,1999,,,,,,
Postoji (U inventaru),0,NO_MATCH,VOGOŠĆA,SARAJEVO,SARAJEVO,,,,,,,KUNER/TESSARI,IDGS-IVE80/PTT,"80,00",IVECO aifo SI 16.05 A550,ST.33 604 1025-G,DEEP SEA ELECTRONICS,DA,,STACIONARNI,1000.0,C070993-03/325592,1997.0,,,,,,
Postoji (U inventaru),0,NO_MATCH,VOLJICE,GORNJI VAKUF,TRAVNIK,,,,,,,BOSCH,BOSCH 8000,"5,50",BRIGS&STRATTON 185432,,,NE,,MOBILNI,10.0,FD268,1998.0,,,,,,
Postoji (U inventaru),0,NO_MATCH,VRANA,BUGOJNO,TRAVNIK,,,,,,,FG WILSON,P18-4,"18,00",PERKINS 404D-22G1,LEROY SOMER LL1014L,DSE 7420,DA,10.10.6.3,STACIONARNI,600.0,250586/003,2010.0,,,,,,
Postoji (U inventaru),0,NO_MATCH,VUKOVINE,KALESIJA,TUZLA,,,,,,,ULUGUC,UG-PR33,"33,00",PERKINS 1103A-33G (DJ32003),GENSAN GSA 273M/T4,DATAKOM D500,DA,10.10.2.7,U IZOL. KUĆIŠTU,500.0,PR2019033006,2019.0,,,,,,
Postoji (U inventaru),0,NO_MATCH,ZAVIDOVIĆI,ZAVIDOVIĆI,ZENICA,,,,,,,FG WILSON,P135-1,"135,00",PERKINS 1006TAG,LEROY SOMER LL3014F,DSE 7420,NE,,STACIONARNI,340.0,FGWPEP25PEMV,2015,,,,,,
Postoji (U inventaru),0,NO_MATCH,ZEBINA ŠUMA,GORAŽDE,SARAJEVO,,,,,,,FG WILSON,P33-3,"33,00",PERKINS 1103A-33G (DJ32011),MARELLI MJB160 MB4,DSE 7420 MKII,DA,10.41.24.53,U IZOL. KUĆIŠTU,600.0,,2020.0,,,,,,95Ah baterija montirana 12.2020
Postoji (U inventaru),0,NO_MATCH,ZENICA,ZENICA,ZENICA,,,,,,,MATISA,P450 AU WIN,"450,00",PERKINS 3008-TA63,STAMFORD BS5000,TE 803,NE,,STACIONARNI,2000.0,P212-001/01,2001,,,,,,
Postoji (U inventaru),0,NO_MATCH,ZENICA,ZENICA,ZENICA,,,,,,,FG WILSON,P550-3,"550,00",PERKINS 2506A-E15TAG2,FG WILSON FG29A400,DSE 8610 MKII,DA,10.10.20.110,U IZOL. KUĆIŠTU,500.0,,2022,,,,,,
Postoji (U inventaru),0,NO_MATCH,ZENICA,ZENICA,ZENICA,,,,,,,FG WILSON,P550-3,"550,00",PERKINS 2506A-E15TAG2,FG WILSON FG29A400,DSE 8610 MKII,DA,10.10.20.111,U IZOL. KUĆIŠTU,500.0,,2022,,,,,,
Postoji (U inventaru),0,NO_MATCH,ZGRADA CTK ,GORAŽDE,SARAJEVO,,,,,,,KUNER/TESSARI,Tessari IDGS-IVE105/PTT,"105,00",IVECO aifo 8061.SI.25,,Energia Tessari,NE,,STACIONARNI,1000.0,33715-1034,1999.0,,,,,,03.2023. izvršena zamjena start baterije
Postoji (U inventaru),0,NO_MATCH,ZVIZDAJA,DRVAR,BIHAĆ,,,,,,,MATISA,PS1-14AD-ATL,"13,30",PERKINS 403C-15 IOPU (HL35100U),STAMFORD BC.I164D1,RGK 60,DA,,STACIONARNI,3000.0,U57462P,2010.0,,,,,,
Postoji (U inventaru),0,NO_MATCH,ZVIZDAJA,DRVAR,BIHAĆ,,,,,,,MATISA,PS1-14AD-ATL,"13,30",PERKINS 403C-15 IOPU (HL35100U),STAMFORD BC.I164D1,RGK 60,DA,,STACIONARNI,3000.0,U571462P,2010.0,,,,,,
Postoji (U inventaru),0,NO_MATCH,ZVORNIK,ZVORNIK,TUZLA,,,,,,,ULUGUC,UG-PR33,"33,00",PERKINS 1103A-33G (DJ32003),GENSAN GSA 273M/T4,DATAKOM D500,DA,10.10.2.9,U IZOL. KUĆIŠTU,500.0,PR2019033007,2019,,,,,,
Postoji (U inventaru),0,NO_MATCH,ČELIĆ,ČELIĆ,TUZLA,,,,,,,MATISA,LTE 16 SS,"16,00",LOMBARDINI LDW 903/B1,SINCRO FT2MBS,TE803,NE,,U IZOL. KUĆIŠTU,260.0,MM 2016,2002.0,,,,,,
Postoji (U inventaru),0,NO_MATCH,ČUBREN,KISELJAK,TRAVNIK,,,,,,,TEKSAN,TJ35BD5L,"35,00",BAUDOUIN 4M06G35/5,LEROY SOMER TAL 042C,DSE 7420 MKII,DA,10.10.6.80,U IZOL. KUĆIŠTU,600.0,,2022.0,,,,,,
Postoji (U inventaru),0,NO_MATCH,ŠATOROVA GOMILA ,ČAPLJINA,MOSTAR,,,,,,,FG WILSON,P50-1,"50,00",PERKINS 1103A-33TG1,,DSE 7320,NE,,U IZOL. KUĆIŠTU,200.0,FGWPEP22EBMU03444,2011.0,,,,,,
Postoji (U inventaru),0,NO_MATCH,ŠERIĆI,ZENICA,ZENICA,,,,,,,TEKSAN,TJ35BD5L,"35,00",BAUDOUIN 4M06G35/5,LEROY SOMER TAL 042C,DSE 7420 MKII,DA,10.10.3.204,U IZOL. KUĆIŠTU,600.0,,2022,,,,,,
Postoji (U inventaru),0,NO_MATCH,ŠIBOVI,BANJA LUKA,ZENICA,,,,,,,FG WILSON,P33-1,"33,00",PERKINS 1453-V3230F572T,FG WILSON 533-1,DSE 7420 MKII,DA,10.10.3.200,U IZOL. KUĆIŠTU,55.0,FGWPEP21PAMVO4992,2014,,,,,,
Postoji (U inventaru),0,NO_MATCH,ŽIVINICE,ŽIVINICE,TUZLA,,,,,,,MATISA,P-75 SS,"72,50",PERKINS 1004-4T (AB35049),STAMFORD UCD224F,TE803,DA,,U IZOL. KUĆIŠTU,450.0,P2001-14-0607,2001,,,,,,NADZOR: DIAL-UP
Planirano (2026-2027),100,EXACT,AERODROM_GP,Ilidza,Sarajevo,FBiH,18.3396587,43.82577429,GSM/UMTS/LTE,1.0,76.0,,,,,,,,,,,,,,Bila Prioritet za agregat 1,Nema prostora za montažu DEA,,Predlažemo ubacivanje dodatnih baterija.,"Gradske lokacije, nema prostora za montažu, pokrivanje pokretnim agregatom u slučaju potrebe."
Planirano (2026-2027),100,EXACT,BABANOVAC_BRDO,Travnik,Travnik,FBiH,17.54062856,44.32063289,GSM/UMTS/LTE,1.0,352.0,,,,,,,,,,,,,,Prioritet za agregat 3,"DA, Na lokaciji ograđen manji prostor od zakupljenog, tako da je potrebno samo pomjeriti ogradu i proširiti temelj",DA,,Lokacija je pristupačna i mislim da nije potrebno imati stalno agregat 
Planirano (2026-2027),100,EXACT,BANOVICI_SELO,Banovici,Tuzla,FBiH,18.45396548,44.40613744,GSM/UMTS/LTE,1.0,862.0,,,,,,,,,,,,,,,,,,
Planirano (2026-2027),100,EXACT,BHRTV_DOM,Novi Grad SA,Sarajevo,FBiH,18.3537695,43.84805368,GSM/UMTS/LTE,1.0,923.0,,,,,,,,,,,,,,Bila Prioritet za agregat 1,Nema prostora za montažu DEA,,Predlažemo ubacivanje dodatnih baterija.,"Gradske lokacije, nema prostora za montažu, pokrivanje pokretnim agregatom u slučaju potrebe."
Planirano (2026-2027),100,EXACT,BIHAC_BANKA,Bihac,Bihać,FBiH,15.86857651,44.81616948,GSM/UMTS/LTE,1.0,25.0,,,,,,,,,,,,,,Bila Prioritet za agregat 1,Nema prostora za montažu DEA,DA,,"Gradske lokacije, nema prostora za montažu, pokrivanje pokretnim agregatom u slučaju potrebe."
Planirano (2026-2027),80,FUZZY,BLAGAJ_MATERA,Mostar,Mostar,FBiH,16.46278878,45.0361503,GSM/LTE,1.0,2004.0,,,,,,,,,,,,,,Prioritet za agregat 1,DA,NE,,MATERA Zahtjevnija montaža.
Planirano (2026-2027),100,EXACT,BOLNICKA,Centar SA,Sarajevo,FBiH,18.4184696,43.8681909,GSM/UMTS/LTE,1.0,75.0,,,,,,,,,,,,,,Bila Prioritet za agregat 1,Nema prostora za montažu DEA,,Predlažemo ubacivanje dodatnih baterija.,"Gradske lokacije, nema prostora za montažu, pokrivanje pokretnim agregatom u slučaju potrebe."
Planirano (2026-2027),100,EXACT,BORIKE,Rogatica,Goražde,FBiH,19.11779049,43.9079049,GSM/UMTS/LTE,1.0,993.0,,,,,,,,,,,,,,,,,,
Planirano (2026-2027),100,EXACT,BOSANSKA_KRUPA,Bos. Krupa,Bihać,FBiH,16.17029074,44.88901097,GSM/UMTS/LTE,1.0,141.0,,,,,,,,,,,,,,Bila Prioritet za agregat 2,"NE, nema pristupnog puta",,,Neograđen objekat u  vlasništvu BHTelecom-a.. Nema pristupnog puta ka lokaciji i nemoguće za održavanje.
Planirano (2026-2027),100,EXACT,BRATUNAC,Bratunac,Tuzla,RS,19.31563692,44.20012516,GSM/UMTS/LTE,1.0,204.0,,,,,,,,,,,,,,Već ima agregat,ima agregat,,,novi ispravljač i baterije 2024. 
Planirano (2026-2027),100,EXACT,BUCEVCI,Buzim,Bihać,FBiH,16.05601598,45.09106998,GSM/UMTS/LTE,1.0,1136.0,,,,,,,,,,,,,,Prioritet za agregat 3,"DA, ograda je uz objekat ali je zakup 10mx10m",,,Ograda odmah uz kontejner.
Planirano (2026-2027),100,EXACT,BUSOVACA,Busovača,Travnik,FBiH,17.87332092,44.09765446,GSM/UMTS/LTE,1.0,785.0,,,,,,,,,,,,,,Prioritet za agregat 2,"DA, Na lokaciji ograđen manji prostor od zakupljenog, tako da je potrebno samo pomjeriti ogradu i proširiti temelj",DA,,Lokacija je pristupačna i mislim da nije potrebno imati stalno agregat
Planirano (2026-2027),100,EXACT,BUTUROVIC_POLJE,Konjic,Mostar,FBiH,17.80788141,43.72857436,GSM/UMTS/LTE,1.0,94.0,,,,,,,,,,,,,,,,,,"POSTA IP Cvoriste bez RR veza, 1 MPLS, 1 MDWDM, 5 BS, 7 DSLAM, 1 VK, 8 MPLS linkova Zamijenjene baterije"
Planirano (2026-2027),100,EXACT,BUZIM,Buzim,Bihać,FBiH,16.0318989,45.06752901,GSM/UMTS/LTE,1.0,139.0,,,,,,,,,,,,,,Bila Prioritet za agregat 1,Nema prostora za montažu DEA,DA,,U zakupu kod RTV oprema u njihovom objektu. U istoj prostoriji sva zajednička oprema. Imamo brojilo nemamo izdvojen prostor. 
Planirano (2026-2027),100,EXACT,CAPLJE,Sanski Most,Bihać,FBiH,16.70231128,44.72876358,GSM/UMTS/LTE,1.0,1188.0,,,,,,,,,,,,,,Prioritet za agregat 3,"DA, ograda je uz objekat ali je zakup 10mx10m",,,Ograda odmah uz kontejner. Siteshare sa Eronet (kod nas Eronet)
Planirano (2026-2027),100,EXACT,CAVKUNOVIC,Bihac,Bihać,FBiH,15.87930096,44.83244548,GSM/UMTS/LTE,1.0,1383.0,,,,,,,,,,,,,,Bila Prioritet za agregat 2,Nema prostora za montažu DEA,DA,,Outdoor BS.  U zakupu u zidanoj prostoriji.
Planirano (2026-2027),100,EXACT,CELIC,Celic,Tuzla,FBiH,18.79780515,44.72506142,GSM/UMTS/LTE,1.0,108.0,,,,,,,,,,,,,,Prioritet za agregat 1,"U zidanom objektu RTV, neograđeno nema mogućnost montaže agregata",NE,,Nema mogućnosti montaže.
Planirano (2026-2027),100,EXACT,COJLUK,Bos. Krupa,Bihać,FBiH,16.13569026,44.88359149,GSM/UMTS/LTE,1.0,1086.0,,,,,,,,,,,,,,Prioritet za agregat 1,"DA, ograda je uz objekat ali je zakup 10mx10m",,,Ograda odmah uz kontejnerr. 
Planirano (2026-2027),100,EXACT,CORALICI,Cazin,Bihać,FBiH,15.88790836,44.97500988,GSM/UMTS/LTE,1.0,869.0,,,,,,,,,,,,,,Bila Prioritet za agregat 3,"DA, ograda je uz objekat ali je prarcela u vlašništvu BH Telecoma veća od ograđenog prosotra.
",,,Ograda odmah uz kontejner. Kod nas Mtel i Eronet. Parcela u vlasništvu BHTelecoma.
Planirano (2026-2027),100,EXACT,DEVETINE,Laktaši,Zenica,RS,17.39941153,44.86473169,GSM/UMTS/LTE,1.0,327.0,,,,,,,,,,,,,,,,,,8 BS
Planirano (2026-2027),100,EXACT,DOBRINJA,Novi Grad SA,Sarajevo,FBiH,18.34695366,43.82847903,GSM/UMTS/LTE,1.0,9.0,,,,,,,,,,,,,,Bila Prioritet za agregat 1,Nema prostora za montažu DEA,,Predlažemo ubacivanje dodatnih baterija.,"Gradske lokacije, nema prostora za montažu, pokrivanje pokretnim agregatom u slučaju potrebe."
Planirano (2026-2027),100,EXACT,DOLAC_NA_LASVI,Travnik,Travnik,FBiH,17.68841194,44.22169964,GSM/UMTS/LTE,1.0,1036.0,,,,,,,,,,,,,,Prioritet za agregat 2,"DA, Na lokaciji ograđen manji prostor od zakupljenog, tako da je potrebno samo pomjeriti ogradu i proširiti temelj",DA,,Lokacija je pristupačna i mislim da nije potrebno imati stalno agregat
Planirano (2026-2027),100,EXACT,DVAKUF,Donji Vakuf,Travnik,FBiH,17.39597808,44.14741312,GSM/UMTS/LTE,1.0,68.0,,,,,,,,,,,,,,Prioritet za agregat 2,"DA, Na lokaciji ograđen manji prostor od zakupljenog, tako da je potrebno samo pomjeriti ogradu i proširiti temelj",DA,,BAGINA_STRANA Lokacija je pristupačna i mislim da nije potrebno imati stalno agregat
Planirano (2026-2027),0,NO_MATCH,FOČA,Foča,Sarajevo,RS,,,,,,,,,,,,,,,,,,,Bila Prioritet za agregat 2,NEMA MJESTA,,Predmet dislokacije,Predmet dislokacije
Planirano (2026-2027),0,NO_MATCH,FTTE_HAN_BILA,Travnik,Travnik,FBiH,,,,,,,,,,,,,,,,,,,,,,,Montaža uz Zidani objekat. U naseljenom mjestu. Potreban veći nivo zaštite od buke (Super Silent vanjsko kućište)
Planirano (2026-2027),100,EXACT,GACKO,Gacko,Mostar,RS,18.53693401,43.17489902,GSM/UMTS/LTE,1.0,201.0,,,,,,,,,,,,,,,,,,Ograđeno 10x12 m. kontejner pored stuba. Prostor nije problem
Planirano (2026-2027),100,EXACT,GLAVICA,Bihac,Bihać,FBiH,15.84319962,44.81829427,GSM/UMTS/LTE,1.0,260.0,,,,,,,,,,,,,,Bila Prioritet za agregat 3,Nema prostora za montažu DEA,DA,,Lokacija nema dozvole i neće se moći pribaviti urbanistička za DEA. Lokacija nije fizički na ucrtanoj parceli. Sa nama u Siteshare Eronet i Mtel. Baterije 2024.
Planirano (2026-2027),100,EXACT,GORNJA_JOSANICA,Vogosca,Sarajevo,FBiH,18.34696631,43.90377424,GSM/UMTS/LTE,1.0,1187.0,,,,,,,,,,,,,,Bila Prioritet za agregat 1,Nema prostora za montažu DEA,,,"Gradske lokacije, nema prostora za montažu, pokrivanje pokretnim agregatom u slučaju potrebe."
Planirano (2026-2027),100,EXACT,GRACANICA,Gračanica,Tuzla,FBiH,18.30935273,44.70517285,GSM/UMTS/LTE,1.0,99.0,,,,,,,,,,,,,,Već ima agregat,ima agregat,,,
Planirano (2026-2027),89,FUZZY,GRBAVICA_STADION,Novo Sarajevo,Sarajevo,FBiH,18.38804644,43.84607935,GSM/LTE,1.0,1885.0,,,,,,,,,,,,,,Bila Prioritet za agregat 2,Nema prostora za montažu DEA,,Predlažemo ubacivanje dodatnih baterija.,
Planirano (2026-2027),0,NO_MATCH,HADŽIĆI CENTAR,Hadžići,Sarajevo,FBiH,,,,,,,,,,,,,,,,,,,Bila Prioritet za agregat 1,NEMA MJESTA,,/,"Gradske lokacije, nema prostora za montažu, pokrivanje pokretnim agregatom u slučaju potrebe."
Planirano (2026-2027),100,EXACT,HAMANDZICI,Travnik,Travnik,FBiH,17.45418072,44.28258569,GSM/UMTS/LTE,1.0,759.0,,,,,,,,,,,,,,,,,,"11 BS RR LINKOVIMA (5 DIREKTNO, 3 ZAŠTITNA, 3 KASKADNO), RR i prenos zasebno napajanje"
Planirano (2026-2027),100,EXACT,HASE,Bijeljina,Tuzla,RS,19.18156957,44.7389102,GSM/UMTS/LTE,1.0,1201.0,,,,,,,,,,,,,,Prioritet za agregat 1,DA,NE,,"RAZDVOJENO MPLS I RAN NAPAJANJE, POSEBAN MTS KABINET ZA PRENOS. MPLS uređaj spojen na BLVD oba sistema (dodatna autonomija)"
Planirano (2026-2027),100,EXACT,HIGHBUILDING,Banja Luka,Zenica,RS,17.19010536,44.77130056,GSM/UMTS/LTE,1.0,167.0,,,,,,,,,,,,,,Bila Prioritet za agregat 1,nema mogućnost montaže DEA,,osmi sprat poslovne zgrade zakup objekta,Osmi sprat poslovne zgrade zakup objekta
Planirano (2026-2027),100,EXACT,HINJEVAC,Višegrad,Goražde,RS,19.20215991,43.70179852,GSM/UMTS/LTE,1.0,670.0,,,,,,,,,,,,,,,,,,"Prenos i RR imaju zasebno napajanje. 13 BS (preko  manjih čvorišta Meremišlje, Rudine, Vijarac i Višegrad);"
Planirano (2026-2027),100,EXACT,HOLIDAY_INN,Centar SA,Sarajevo,FBiH,18.40379636,43.8562386,GSM/UMTSL(FM),1.0,259.0,,,,,,,,,,,,,,Bila Prioritet za agregat 1,Nema prostora za montažu DEA,,/,"Gradske lokacije, nema prostora za montažu, pokrivanje pokretnim agregatom u slučaju potrebe."
Planirano (2026-2027),100,EXACT,HONDICI,Konjic,Mostar,FBiH,17.8998661,43.70189764,GSM/UMTS/LTE,1.0,88.0,,,,,,,,,,,,,,Prioritet za agregat 2,DA,DA,,
Planirano (2026-2027),100,EXACT,HUMAC,Trebinje,Mostar,RS,18.32538804,42.69403358,GSM/UMTS/LTE,1.0,787.0,,,,,,,,,,,,,,Prioritet za agregat 1,DA,DA,,
Planirano (2026-2027),100,EXACT,JABLANICA,Jablanica,Mostar,FBiH,17.76993224,43.65865695,GSM/UMTS/LTE,1.0,86.0,,,,,,,,,,,,,,Prioritet za agregat 1,DA,DA,,KRIZ uz značajnije građ. radove PREBACICE SE AGREGAT SA KARAŠNICE
Planirano (2026-2027),100,EXACT,JAJCE,Jajce,Travnik,FBiH,17.25866209,44.33509864,GSM/UMTS/LTE,1.0,186.0,,,,,,,,,,,,,,Prioritet za agregat 1,"DA, Na lokaciji ograđen manji prostor od zakupljenog, tako da je potrebno samo pomjeriti ogradu i proširiti temelj",DA,,CUSINE Lokacija je pristupačna i mislim da nije potrebno imati stalno agregat
Planirano (2026-2027),100,EXACT,JANJA,Bijeljina,Tuzla,RS,19.24193,44.655458,GSM/UMTS/LTE,1.0,226.0,,,,,,,,,,,,,,Već ima agregat,ima agregat,,,novi ispravljač i baterije 2024. 
Planirano (2026-2027),100,EXACT,JELAH,Tesanj,Zenica,FBiH,17.96116233,44.64454966,GSM/UMTS/LTE,1.0,342.0,,,,,,,,,,,,,,Prioritet za agregat 2,"DA, ima mogućnost",NE,"U vlasništu imamo 100 m2, moguće je instalirati AG","SUBASICI U vlasništvu imamo 100 m2, moguće je instalirati agregat"
Planirano (2026-2027),100,EXACT,JELICA,Prozor,Mostar,FBiH,17.68431783,43.76393944,GSM/LTE,1.0,509.0,,,,,,,,,,,,,,,,,,"Nema mogućnost montaže, 7 BS, 1 VK, 1 DSLAM"
Planirano (2026-2027),100,EXACT,KAKANJ,Kakanj,Zenica,FBiH,18.12395214,44.12901502,GSM/UMTS/LTE,1.0,60.0,,,,,,,,,,,,,,Prioritet za agregat 1,"nema mogućnost montaže DEA, pod zakupom",,Zakup; provjeriti mogućnost monaže agregata između objekta i stuba,Zakup
Planirano (2026-2027),100,EXACT,KALESIJA,Kalesija,Tuzla,FBiH,18.80225828,44.47519027,GSM/UMTS/LTE,1.0,107.0,,,,,,,,,,,,,,Prioritet za agregat 2,ima prostora,DA,,"PATKOVO_BRDO  Zamijenjene baterije. Novi Eaton ispravljač i nove baterije iz 2024., dobra autonomija, za razmatranje  "
Planirano (2026-2027),100,EXACT,KISELJAK,Kiseljak,Travnik,FBiH,18.07298505,43.94079448,GSM/UMTS/LTE,1.0,216.0,,,,,,,,,,,,,,Prioritet za agregat 2,"Na lokaciji ograđen manji prostor od zakupljenog, tako da je potrebno samo pomjeriti ogradu i proširiti temelj",DA,,Lokacija je pristupačna i mislim da nije potrebno imati stalno agregat
Planirano (2026-2027),100,EXACT,KLJUC,Ključ,Bihać,FBiH,16.78370509,44.53976578,GSM/UMTS/LTE,1.0,67.0,,,,,,,,,,,,,,,,,,LUBICA 10xBS+1xW3P
Planirano (2026-2027),100,EXACT,KOMUSINA,Teslić,Zenica,RS,17.89181339,44.53008594,GSM/UMTS/LTE,1.0,1078.0,,,,,,,,,,,,,,,,,,6 BS
Planirano (2026-2027),100,EXACT,KOSEVO_SJEVER,Centar SA,Sarajevo,FBiH,18.40994126,43.874149,GSM/UMTS/LTE,1.0,8.0,,,,,,,,,,,,,,Bila Prioritet za agregat 2,Nema prostora za montažu DEA,,/,
Planirano (2026-2027),100,EXACT,KOZARAC,Prijedor,Bihać,RS,16.8322011,44.97136526,GSM/UMTS/LTE,1.0,412.0,,,,,,,,,,,,,,,,,,13xBS+1xGIA+(Telecom centar)+(MPLS prsten)
Planirano (2026-2027),100,EXACT,KRNDIJA,Tesanj,Zenica,FBiH,17.98977032,44.62039149,GSM/UMTS/LTE,1.0,898.0,,,,,,,,,,,,,,Prioritet za agregat 2,"DA, ima mogućnost",NE,"u vlasništvu imamo 100 m2, moguće instalirati AG","u vlasništvu imamo 100 m2, moguće instalirati AG "
Planirano (2026-2027),84,FUZZY,KRUSCICA_ZE,Visoko,Zenica,FBiH,18.19141223,44.00769641,GSM/UMTSL(FM),1.0,162.0,,,,,,,,,,,,,,,,,,"1 MPLS, 11 BS, 9 DSLAM, 2 MPLS linka"
Planirano (2026-2027),100,EXACT,KULEN_VAKUF,Bihać,Bihać,FBiH,16.10604861,44.57409549,GSM/UMTS/LTE,1.0,401.0,,,,,,,,,,,,,,,,,,"4xBS+1xFTTC+1xVK , RR zasebno napajanje"
Planirano (2026-2027),100,EXACT,LANISTE,Ključ,Bihać,FBiH,16.65795971,44.55279294,GSM/LTE,1.0,1253.0,,,,,,,,,,,,,,,,,,5xBS+1xVK
Planirano (2026-2027),100,EXACT,LAZICI,Bos. Dubica,Bihać,RS,16.79605544,45.1364937,GSM/UMTS/LTE,1.0,414.0,,,,,,,,,,,,,,,,,,"9xBS , RR zasebno napajanje"
Planirano (2026-2027),100,EXACT,LEOTAR ,Trebinje,Mostar,RS,18.34386402,42.74491902,GSM/UMTS/LTE,1.0,128.0,,,,,,,,,,,,,,,,,,"Nema mogućnost montaže, 1 MPLS, 9 BS, 1 VK, 3 MPLS linka"
Planirano (2026-2027),100,EXACT,LIVNO,Livno,Travnik,FBiH,17.00419086,43.82757469,GSM/UMTS/LTE,1.0,185.0,,,,,,,,,,,,,,Bila Prioritet za agregat 2,nema prostora za montažu DEA,DA,,Lokacija je pristupačna i mislim da nije potrebno imati stalno agregat
Planirano (2026-2027),100,EXACT,LJUTOC,Bihać,Bihać,FBiH,16.04197243,44.67663004,GSM/LTE,1.0,155.0,,,,,,,,,,,,,,,,,,8xBS+1xFTTC+(internet za migrantski kamp)+2xVK+(MPLS prsten)
Planirano (2026-2027),0,NO_MATCH,LUKAVAC CENTAR,Lukavac,Tuzla,FBiH,,,,,,,,,,,,,,,,,,,Bila Prioritet za agregat 1,"NE, nema mogućnost montaže agregata",,,"Potkrovlje zgrade Dženex doo, nema mogućnost montaže agregata"
Planirano (2026-2027),100,EXACT,MALA_LISA,Cazin,Bihać,FBiH,15.914983,44.96679616,GSM/LTE,1.0,1622.0,,,,,,,,,,,,,,Bila Prioritet za agregat 1,Nema prostora za montažu DEA,DA,,"Gradske lokacije, nema prostora za montažu, pokrivanje pokretnim agregatom u slučaju potrebe."
Planirano (2026-2027),100,EXACT,MALJEVAC,Velika Kladusa,Bihać,FBiH,15.80149174,45.19543449,GSM/UMTS/LTE,1.0,1451.0,,,,,,,,,,,,,,Prioritet za agregat 2,"DA, ograda je uz objekat ali je zakup 10mx10m",DA,,Zakup. Ograda odmah uz kontejner. Prenos ide s BS Velika Kladuša. Teren oko lokacije u nagibu.
Planirano (2026-2027),100,EXACT,MERKUR,Novi Grad SA,Sarajevo,FBiH,18.36734358,43.8485287,GSM/UMTS/LTE,1.0,498.0,,,,,,,,,,,,,,Bila Prioritet za agregat 2,Nema prostora za montažu DEA,,/,
Planirano (2026-2027),100,EXACT,MODRAC,Lukavac,Tuzla,FBiH,18.43766274,44.50624517,GSM/UMTS/LTE,1.0,115.0,,,,,,,,,,,,,,Prioritet za agregat 2,DA,DA,,MODRAC zamijenjene baterije LOKACIJA ZAMIJENJENA SA BANOVICI_SELO KOJA JE UVRSTENA U IP
Planirano (2026-2027),100,EXACT,MOSTRE,Visoko,Zenica,FBiH,18.13314245,44.0207769,GSM/UMTS/LTE,1.0,309.0,,,,,,,,,,,,,,Prioritet za agregat 2,"nema mogućnost montaže DEA, pod zakupom",,Vjerovatno postoji mogućnost dokupa od zakupodavca NK Moštre,"Zakup, ugrađen i FNE sistem kao podrška"
Planirano (2026-2027),100,EXACT,MRKONJIC_GRAD,Mrkonjić Grad,Travnik,RS,17.09353383,44.4248179,GSM/UMTS/LTE,1.0,215.0,,,,,,,,,,,,,,,,,,"GRABEZ 13 BS RR LINKOVIMA (7 KASKADNO, 6 DIREKTNO)"
Planirano (2026-2027),100,EXACT,NEUM,Neum,Mostar,FBiH,17.59916035,42.91782615,GSM/UMTS/LTE,1.0,261.0,,,,,,,,,,,,,,Prioritet za agregat 1,"DA, pokretni agregat na točkovima",NE,,Site sharing sa Eronetom. 
Planirano (2026-2027),100,EXACT,OBODNICA,Tuzla,Tuzla,FBiH,18.64516702,44.61052654,GSM/UMTS/LTE,1.0,525.0,,,,,,,,,,,,,,,,,,"IPMPLS, FTTC, 6BS"
Planirano (2026-2027),0,NO_MATCH,ODŽAK,Odzak,Tuzla,FBiH,,,,,,,,,,,,,,,,,,,Bila Prioritet za agregat 2,"NE, nema mogućnost montaže agregata",,,Krov stanbene zgrade. Nema mogućnosti montaže.
Planirano (2026-2027),100,EXACT,OTOKA,Bos. Krupa,Bihać,FBiH,16.19315789,44.95917334,GSM/UMTS/LTE,1.0,151.0,,,,,,,,,,,,,,Bila Prioritet za agregat 3,Nema prostora za montažu DEA,,,U zakupu kod televizije oprema u njihovom objektu. Imamo brojilo nemamo izdvoijen prostor.  U istoj prostoriji sva zajednička oprema.
Planirano (2026-2027),100,EXACT,POTOCI,Mostar,Mostar,FBiH,17.87635061,43.4140056,GSM/UMTS/LTE,1.0,84.0,,,,,,,,,,,,,,,,,,POSTA Unutrašnja montaža
Planirano (2026-2027),88,FUZZY,POTOČARI,Srebrenica,Tuzla,RS,19.30579136,44.14644306,GSM/UMTS/LTE,1.0,721.0,,,,,,,,,,,,,,Bila Prioritet za agregat 2,"NE, nema mogućnost montaže agregata",,,"Na lokaciji dva ispravljačka sistema, zaseban prenos uvezan u IP daljinski nadzor"
Planirano (2026-2027),100,EXACT,PROZOR,Prozor,Mostar,FBiH,17.58901707,43.83889157,GSM/UMTS/LTE,1.0,507.0,,,,,,,,,,,,,,Prioritet za agregat 3,DA,DA,,Ograda odmah uz kontejner. Nema mogućnosti montaže agregata.
Planirano (2026-2027),100,EXACT,RAJCI,Gornji Vakuf,Travnik,FBiH,17.56807209,43.96853504,GSM/UMTS/LTE,1.0,360.0,,,,,,,,,,,,,,,,,,"ATN950D_PE_RAJCI-STUB, 12 BAZNIH STANICA RR LINKOVIMA,
2 VELIKA KORISNIKA - ME3400 BINGO RR LINKOM, 4 DSLAM UREĐAJA - 2 RR LINKOM, 2 OPTIKOM"
Planirano (2026-2027),100,EXACT,SAPNA_MAHMUTOVICI,Sapna,Tuzla,FBiH,19.0282279,44.51416434,GSM/LTE,1.0,1952.0,,,,,,,,,,,,,,Prioritet za agregat 1,,,sav saobraćaj iz Podrinja je prebačen preko ove lokacije,"MTS9402 ispod STUBA. Vlasnik lokacije privatno lice, potreban i veći kapacitet baterija. Montirane 3x150Ah Li baterije, teret cca 15 A. AUTONOMIJA 24 h. NA BLVD je PRENOSNA OPREMA (dodatna autonomija)."
Planirano (2026-2027),100,EXACT,SARAJEVO_CITY_CENTAR,Centar SA,Sarajevo,FBiH,18.40845919,43.85519838,GSM/UMTS/LTE,1.0,1169.0,,,,,,,,,,,,,,Bila Prioritet za agregat 2,Nema prostora za montažu DEA,,Predlažemo ubacivanje dodatnih baterija.,
Planirano (2026-2027),100,EXACT,SATOROVICI,Brčko Distrikt,Tuzla,BD,18.77920322,44.75705097,GSM/UMTS/LTE,1.0,852.0,,,,,,,,,,,,,,,,,,12BS 
Planirano (2026-2027),100,EXACT,SITOMIR,Ljubuški,Mostar,FBiH,17.54832352,43.20550745,GSM/LTE,1.0,731.0,,,,,,,,,,,,,,,,,,"1 MPLS, 18 BS, 14 VK, 6 MPLS linkova"
Planirano (2026-2027),100,EXACT,SJENJAK,Tuzla,Tuzla,FBiH,18.7080658,44.53298663,GSM/UMTS/LTE,1.0,492.0,,,,,,,,,,,,,,Bila Prioritet za agregat 2,nema prostora,DA,,"Baterije iz 2017 godine, novim IP predviđena zamjena, 2024. godine izvršena zamjena modula Vane Eaton"
Planirano (2026-2027),100,EXACT,SOLINA_CENTAR,Tuzla,Tuzla,FBiH,18.68846808,44.55054838,GSM/UMTS/LTE,1.0,863.0,,,,,,,,,,,,,,Bila Prioritet za agregat 3,nema prostora,DA,,"autonomija 9 sati, zadnja u kaskadi"
Planirano (2026-2027),0,NO_MATCH,SREBRENICA CENTAR,Srebrenica,Tuzla,RS,,,,,,,,,,,,,,,,,,,Bila Prioritet za agregat 1,"NE, nema mogućnost montaže agregata",,,BS montirana na Džamiji
Planirano (2026-2027),100,EXACT,SREBRENIK,Srebrenik,Tuzla,FBiH,18.49067572,44.70628376,GSM/UMTS/LTE,1.0,100.0,,,,,,,,,,,,,,Već ima agregat,ima agregat,,,
Planirano (2026-2027),100,EXACT,STUPSKO_BRDO,Ilidza,Sarajevo,FBiH,18.32426006,43.83962639,GSM/LTE,1.0,1695.0,,,,,,,,,,,,,,Bila Prioritet za agregat 2,Nema prostora za montažu DEA,,Predlažemo ubacivanje dodatnih baterija.,
Planirano (2026-2027),100,EXACT,TEKIJA,Mostar,Mostar,FBiH,17.82092882,43.32718918,GSM/UMTS/LTE,1.0,82.0,,,,,,,,,,,,,,Bila Prioritet za agregat 2,nema mjesta za montažu DEA,,,objekat
Planirano (2026-2027),100,EXACT,TEOCAK_CENTAR,Teočak,Tuzla,FBiH,18.98579415,44.60315076,GSM/UMTS/LTE,1.0,851.0,,,,,,,,,,,,,,Već ima agregat,ima agregat,,,
Planirano (2026-2027),100,EXACT,TESANJ,Tesanj,Zenica,FBiH,17.98081989,44.61258397,GSM/UMTS/LTE,1.0,61.0,,,,,,,,,,,,,,Prioritet za agregat 1,"nema mogućnost montaže DEA, pod zakupom",,"Zidani objekat zakup, potrebno dokupiti 2-3 m2 za AG","Nema mogućnost montaže. Zidani objekat zakup, potrebno dokupiti 2-3 m2 za agregat."
Planirano (2026-2027),100,EXACT,TESANJKA,Usora,Zenica,FBiH,18.00704078,44.67680168,GSM/UMTS/LTE,1.0,1186.0,,,,,,,,,,,,,,Prioritet za agregat 2,"nema mogućnost montaže DEA, pod zakupom",,"Imamo pravo korištenja 120m2,, koristimo cca. 65m2",
Planirano (2026-2027),0,NO_MATCH,TKC TUZLA,Tuzla,Tuzla,FBiH,,,,,,,,,,,,,,,,,,,Već ima agregat,ima agregat,,,
Planirano (2026-2027),80,FUZZY,TKC ZENICA,Zenica,Zenica,FBiH,17.92809272,44.21096715,GSM/UMTS/LTE,1.0,1348.0,,,,,,,,,,,,,,Već ima agregat,DA,,Postoji agregat,Postoji agregat
Planirano (2026-2027),82,FUZZY,TKC_BIJELJINA,Bijeljina,Tuzla,RS,19.2176188,44.7582278,GSM/UMTS/LTE,1.0,213.0,,,,,,,,,,,,,,Prioritet za agregat 3,"NE, nema mogućnost montaže agregata",,,"BS u TKC MTel-a Bijeljina, Nema mogućnosti montaže."
Planirano (2026-2027),80,FUZZY,TKC_CAPLJINA,Čapljina,Mostar,FBiH,17.70260436,43.11158091,GSM/UMTS/LTE,1.0,179.0,,,,,,,,,,,,,,Prioritet za agregat 1,nema mjesta za montažu DEA,NE,,"u zakupu, provjeriti ima li eronet/posta agregat"
Planirano (2026-2027),0,NO_MATCH,TKC_GORAZDE,Goražde,Sarajevo,FBiH,,,,,,,,,,,,,,,,,,,Već ima agregat,,,,planirana zamjena postojećeg DEA kroz IP
Planirano (2026-2027),80,FUZZY,TKC_GRADISKA,Bos. Gradiška,Zenica,RS,17.25440927,45.14530701,GSM/UMTS/LTE,1.0,177.0,,,,,,,,,,,,,,Prioritet za agregat 2,nema mogućnost montaže DEA,,"Zakup objekta, prostorija na II sprat objekta; provjeriti da lizakupodavac ima agregat i mogućnost aneksiranja ugovora","Zakup objekta, II sprat objekta"
Planirano (2026-2027),0,NO_MATCH,TKC_ILIDZA,Ilidža,Sarajevo,FBiH,,,,,,,,,,,,,,,,,,,Već ima agregat,,,,
Planirano (2026-2027),100,EXACT,TKC_KALESIJA,Kalesija,Tuzla,FBiH,18.87478604,44.44171504,GSM/UMTS/LTE,1.0,1021.0,,,,,,,,,,,,,,Već ima agregat,ima agregat,,,
Planirano (2026-2027),0,NO_MATCH,TKC_OLOVO,Olovo,Zenica,FBiH,,,,,,,,,,,,,,,,,,,Već ima agregat,ima agregat,,,
Planirano (2026-2027),100,EXACT,TKC_PRNJAVOR,Prnjavor,Zenica,RS,17.66449527,44.8699696,GSM/UMTS/LTE,1.0,165.0,,,,,,,,,,,,,,Prioritet za agregat 3,nema mogućnost montaže DEA,,"Zakup zemljišta na lokaciji za Kontejner, provjeriti da li zakupodavac ima agregat i mogućnost aneksiranja ugovora","Zakup zemljišta na lokaciji za kontejner, provjeriti da li zakupodavac ima agregat"
Planirano (2026-2027),0,NO_MATCH,TOMISLAVGRAD RUDINE,Tomislavgrad,Travnik,FBiH,,,,,,,,,,,,,,,,,,,Prioritet za agregat 2,"Na lokaciji ograđen manji prostor od zakupljenog, tako da je potrebno samo pomjeriti ogradu i proširiti temelj",DA,,Lokacija je pristupačna i mislim da nije potrebno imati stalno agregat
Planirano (2026-2027),100,EXACT,TOPOVINA_STOLAC,Stolac,Mostar,FBiH,17.95599678,43.08572599,GSM/UMTS/LTE,1.0,916.0,,,,,,,,,,,,,,Prioritet za agregat 1,DA,DA,,
Planirano (2026-2027),0,NO_MATCH,TRAVNIK_TKC,Travnik,Travnik,FBiH,,,,,,,,,,,,,,,,,,,Već ima agregat,,,,Na lokaciji ima agregat
Planirano (2026-2027),100,EXACT,TURBE,Travnik,Travnik,FBiH,17.59352336,44.25434912,GSM/UMTS/LTE,1.0,147.0,,,,,,,,,,,,,,Prioritet za agregat 2,"Na lokaciji ograđen manji prostor od zakupljenog, tako da je potrebno samo pomjeriti ogradu i proširiti temelj",DA,Lokacija je dominantna i ima veliku zonu pokrivanja.  Zemljište je u vlasništvu BH Telecoma. ,Lokacija je pristupačna i mislim da nije potrebno imati stalno agregat
Planirano (2026-2027),100,EXACT,TUZLA_CENTAR,Tuzla,Tuzla,FBiH,18.63876961,44.5324413,GSM/UMTS/LTE,1.0,300.0,,,,,,,,,,,,,,Bila Prioritet za agregat 1,"U krugu poštanskog centra, zakup ima prostora",DA,,"Gradske lokacije, nema prostora za montažu, pokrivanje pokretnim agregatom u slučaju potrebe."
Planirano (2026-2027),100,EXACT,VELIKA_KLADUSA,Velika Kladusa,Bihać,FBiH,15.80198522,45.17732204,GSM/UMTS/LTE,1.0,58.0,,,,,,,,,,,,,,Prioritet za agregat 1,Prostora oko objekta ima dovoljno ali je ugovorena montaža samo Kontejnera. Montaža agregata vjerovatno će uzrokovati povećanje cijene zakupa.,DA,,"KESEROVICA_BRDO Na lokaciji smo u zakupu. Skup zakup od RTV. Na geoportalu nemamo ucrtanu parcelu. Baterije 2024. Vidjeti rješavanje i dodatne podnaponske za prenos. , Zamijenjene baterije"
Planirano (2026-2027),100,EXACT,VIDIKOVAC,Banovici,Tuzla,FBiH,18.52509672,44.40977444,GSM/UMTS/LTE,1.0,1336.0,,,,,,,,,,,,,,Bila Prioritet za agregat 1,Nema prostora za montažu DEA,DA,,"Gradske lokacije, nema prostora za montažu, pokrivanje pokretnim agregatom u slučaju potrebe."
Planirano (2026-2027),0,NO_MATCH,VITEZ_VBUKOVICA,Travnik,Travnik,FBiH,,,,,,,,,,,,,,,,,,,,,,,"TRAVNIK ASR920_PE_V_BUKOVICA-STUB, 6 BAZNIH STANICA  RR LINKOVIMA, 3 DSLAM UREĐAJA - 2 RR LINKOM, 1 OPTIKOM, 4 VELIKA KORISNIKA - 3 RR-om, 1 OPTIKOM"
Planirano (2026-2027),100,EXACT,VRAPCICI,Mostar,Mostar,FBiH,17.86174864,43.37351306,GSM/UMTS/LTE,1.0,353.0,,,,,,,,,,,,,,Bila Prioritet za agregat 2,nema mjesta za montažu DEA,,,ograda uz sami kontejner
Planirano (2026-2027),100,EXACT,ZAVIDOVICI,Zavidovići,Zenica,FBiH,18.16895824,44.42380573,GSM/UMTS/LTE,1.0,65.0,,,,,,,,,,,,,,,,,,KLEK 9 BS i 2 FTTC
Planirano (2026-2027),0,NO_MATCH,ZEBINA SUMA,Foča Ustikolina,Sarajevo,FBiH,,,,,,,,,,,,,,,,,,,Već ima agregat,,,"Predmet dislokacije, trenuntno na lokaciji ima agregat","RTV, postoji agregat"
Planirano (2026-2027),100,EXACT,ZEPCE,Zepce,Zenica,FBiH,18.04254895,44.42000954,GSM/UMTS/LTE,1.0,560.0,,,,,,,,,,,,,,Prioritet za agregat 1,"nema mogućnost montaže DEA, pod zakupom",,"Lokacija nije pod zakupom, koristi se cca65m2, a kupljeno je 95m2 zemljišta.",Montiramo pokretni agregat.
Planirano (2026-2027),100,EXACT,ZLATAR,Konjic,Mostar,FBiH,17.98697267,43.65539086,GSM/UMTS/LTE,1.0,784.0,,,,,,,,,,,,,,Prioritet za agregat 1,DA,DA,,Stub sa zategama.
Planirano (2026-2027),100,EXACT,ZVORNIK,Zvornik,Tuzla,RS,19.101906,44.36235501,GSM/UMTS/LTE,1.0,228.0,,,,,,,,,,,,,,Već ima agregat,ima agregat,,,
Planirano (2026-2027),0,NO_NAME,,,,,,,,,,,,,,,,,,,,,,,,,,,
