ID,Nadležnost,Mjesto,Naziv Objekta,Vrsta Objekta,Tip Lokacije,Proizvođač,Tip,Snaga (kVA),Motor,Generator,Transfer panel tip,Upravljačka Jedinica,Nadzor,IP adresa,Izvedba,Kapacitet spremnika (l),Serijski Broj,Godina Proizvodnje,Kapacitet baterije (Ah),Napon (V),Godina baterije,Trajanje garancije do,Zadnji servis,Napomena,Evidentirano,Evidentirao,LONGITUDE_DECIMAL,LATITUDE_DECIMAL,TEHNOLOGIJA,STATUS,SITE_ID,MATCH_CONFIDENCE,MATCH_METHOD
100133,BIHAĆ,BIHAĆ,BIHAĆ ,Na prikolici,,CATERPILLAR,DE18E3,"18,00",CAT C2.2,CAT M1434L4,,DSE 4520 MKII,NE,,MOBILNI,55.0,CAT00C22HGBY11868,2021,100.0,12,2021.0,,,,,,17.7621295,44.24648872,GSM/LTE,1,1490,62,FUZZY_LOW
100137,BIHAĆ,BIHAĆ,BIHAĆ ,Zidani,TKC,FG WILSON,P300-5,"300,00",PERKINS 1506A-E88TAG4,FG26A230,ATI 630,DSE 7420 MKII,DA,10.10.4.34,STACIONARNI,2000.0,FGWPSG02LPC501234,2021,190.0,24,2021.0,,,,,,17.7621295,44.24648872,GSM/LTE,1,1490,62,FUZZY_LOW
100053,BIHAĆ,BIHAĆ,HOST BIHAĆ  CENTAR ,Zidani,HOST,MATISA,P130 MAUSP,"136,00",PERKINS 1006-6TAG,MARELLI MJB 250 MA4,DA,TE 804,DA,,STACIONARNI,1000.0,12040,2005,110.0,12,,,,,,,17.7621295,44.24648872,GSM/LTE,1,1490,62,FUZZY_LOW
100045,BIHAĆ,BIHAĆ,HOST TKC BIHAĆ,Zidani,HOST,GENELEC,GENELEC GLW3-20,"16,00",LOMBARDINI LDW 1003/B1,SINCRO FT2MDR,,NE,NE,,MOBILNI,50.0,5707147,2009,55.0,12,,,,,,,17.7621295,44.24648872,GSM/LTE,1,1490,62,FUZZY_LOW
100050,BIHAĆ,BIHAĆ,HOST TKC BIHAĆ,Zidani,HOST,MATISA,P 130 MAUSP,"136,00",Perkins  1006 6 TAG,STAMFORD UC. I274E1,NE,TE 21447,NE,,STACIONARNI,3000.0,0791173J,2003,55.0,12,,,,,,,17.7621295,44.24648872,GSM/LTE,1,1490,62,FUZZY_LOW
100052,BIHAĆ,BIHAĆ,HOST TKC BIHAĆ,Zidani,TKC,MATISA,MB-B7000LS1-7,"7,00",LOMBARDINI 3LD 450,SINCRO ET2MCS,,,NE,,MOBILNI,5.0,MB2275,2008,55.0,12,,,,,,,17.7621295,44.24648872,GSM/LTE,1,1490,62,FUZZY_LOW
100066,BIHAĆ,BIHAĆ,HOST TKC BIHAĆ,Na prikolici,,IVECO-TESARI,IDGS-IVE125,"125,00",IVECO TESSARI 8061 SRI 26.05 A 550,,NE,NE,NE,,U IZOL. KUĆIŠTU,300.0,33601-1015,1996,200.0,12,,,,,,,17.7621295,44.24648872,GSM/LTE,1,1490,62,FUZZY_LOW
100054,BIHAĆ,BIHAĆ,OZIMICE II,Zidani,FTTE,FG WILSON,P30,"30,00",PERKINS 1103A-33 (DJ51323),LEROY SOMER LL1014S,Energoinvest,DSE 5220,DA,,STACIONARNI,200.0,DJ51323,2010,75.0,12,,,,,,,17.7621295,44.24648872,GSM/LTE,1,1490,62,FUZZY_LOW
100055,BIHAĆ,BOSANSKA KRUPA,US BOSANSKA KRUPA,Na prikolici,,IVECO-TESARI,IVE100,"100,00",IVECO TESSARI ,,NE,NE,NE,,U IZOL. KUĆIŠTU,300.0,,1996,110.0,12,,,,,,,16.17029074,44.88901097,GSM/UMTS/LTE,1,141,100,EXACT
100067,BIHAĆ,BOSANSKA KRUPA,US BOSANSKA KRUPA,Zidani,FTTE,MATISA,DM1 135 AD,"135,00",DEUTZ 13027701,SINCRO SK 225 LM,,RGK60,DA,,STACIONARNI,2000.0,2452,2014,200.0,24,,,,,,,16.17029074,44.88901097,GSM/UMTS/LTE,1,141,100,EXACT
100056,BIHAĆ,BOSANSKI PETROVAC,BOSANSKI PETROVAC,Zidani,FTTE,FG WILSON,XP88E1,"88,00",PERKINS RS51306,Leroy Somer LL 2014L,Energoinvest,DSE,DA,,STACIONARNI,420.0,GTS00526,2005,110.0,12,,,,,,,16.33989792,44.59964337,GSM/LTE,1,69,100,EXACT
100113,BIHAĆ,BUŽIM,BUŽIM 1,Zidani,FTTE,ULUGUC,UG-PR22,"22,00",PERKINS 404A-22G1,GENSAN GSA274L/4,DA,DSE 7420 MKII,DA,10.10.4.70,U IZOL. KUĆIŠTU,500.0,U 949168 D - 11531,2018,75.0,12,,,,,,,16.0318989,45.06752901,GSM/UMTS/LTE,1,139,80,FUZZY_MEDIUM
100057,BIHAĆ,BUŽIM,BUŽIM STARI,Zidani,FTTE,MATISA,MB-RS2-12000TDSE,"15,60",LOMBARDINI,SINCRO,,NE,NE,,MOBILNI,12.0,5771955,2011,55.0,12,,,,,,,16.0318989,45.06752901,GSM/UMTS/LTE,1,139,80,FUZZY_MEDIUM
100070,BIHAĆ,CAZIN,OSTROŽAC,Zidani,FTTE,MATISA,WFM R130 TDE,"7,00",RUGGENINI  RD 210,,NE,NE,NE,,MOBILNI,20.0,01 22734,2000,55.0,12,,,,,,,15.93846044,44.9703595,GSM/UMTS/LTE,1,64,100,EXACT
100065,BIHAĆ,CAZIN,SKOKOVI,Zidani,RRst,MATISA,MB-B7000LSI-7,"7,00",LOMBARDINI 3LD 450,SINCRO ET2MCS,,,NE,,MOBILNI,5.0,2182264,2008,55.0,12,,,,,,,15.93846044,44.9703595,GSM/UMTS/LTE,1,64,100,EXACT
100068,BIHAĆ,CAZIN,US CAZIN,Zidani,FTTE,MATISA,DM1 135 AD,"135,00",DEUTZ 13027701,SINCRO SK 225 LM,,RGK60,DA,,STACIONARNI,2000.0,2451,2014,200.0,24,,,,,,,15.93846044,44.9703595,GSM/UMTS/LTE,1,64,100,EXACT
100043,BIHAĆ,CAZIN,US ĆORALIĆI,Zidani,FTTE,GENELEC,GENELEC GLW3-20,"16,00",LOMBARDINI LDW 1003/B1,SINCRO FT2MDR,,,NE,,MOBILNI,50.0,8112768,2008,55.0,12,,,,,,,15.93846044,44.9703595,GSM/UMTS/LTE,1,64,100,EXACT
100047,BIHAĆ,CAZIN,US KAMENICA,Zidani,FTTE,MATISA,B 700 TDE,"7,00",LOMBARDINI 3LD 450,SINCRO ET2MCS,,,NE,,MOBILNI,5.0,2182264,2005,55.0,12,,,,,,,15.93846044,44.9703595,GSM/UMTS/LTE,1,64,100,EXACT
100046,BIHAĆ,CAZIN,US STIJENA,Zidani,FTTE,MATISA,---,"5,00",PERKINS,SINCRO ET2M-S,NE,NE,NE,,MOBILNI,5.0,,,55.0,12,,,,,,,15.93846044,44.9703595,GSM/UMTS/LTE,1,64,100,EXACT
100044,BIHAĆ,CAZIN,VELIKA GOMILA,Zidani,RRst,MATISA,P 70 MAT,"70,00",PERKINS U984201G,STAMFORD UCD224F,DA,RGK 60,DA,,STACIONARNI,10000.0,3712H07A,2003,100.0,12,,,,,,,15.93846044,44.9703595,GSM/UMTS/LTE,1,64,100,EXACT
100147,BIHAĆ,CAZIN,VISIBABA,Kontejner,RRst,FG WILSON,P33-3,"33,00",PERKINS 1103A-33G (DJ32011),MARELLI MJB160 MB4,SCHNEIDER LC1 D50A P7,DSE 7420 MKII,DA,10.10.4.71,U IZOL. KUĆIŠTU,600.0,FGWPEP21JAMU 07040,2020,95.0,12,2020.0,,,,,,15.93846044,44.9703595,GSM/UMTS/LTE,1,64,100,EXACT
100058,BIHAĆ,DRVAR,ZVIZDAJA,Kontejner,BS,MATISA,PS1-14AD-ATL,"13,30",PERKINS 403C-15 IOPU (HL35100U),STAMFORD BC.I164D1,ATL30,RGK 60,DA,,STACIONARNI,3000.0,U57462P,2010,55.0,12,,,,,,,16.38183111,44.35111577,GSM/UMTS/LTE,1,187,100,EXACT
100059,BIHAĆ,DRVAR,ZVIZDAJA,Kontejner,BS,MATISA,PS1-14AD-ATL,"13,30",PERKINS 403C-15 IOPU (HL35100U),STAMFORD BC.I164D1,ATL30,RGK 60,DA,,STACIONARNI,3000.0,U571462P,2010,55.0,12,,,,,,,16.38183111,44.35111577,GSM/UMTS/LTE,1,187,100,EXACT
100049,BIHAĆ,KLJUČ,US GORNJA SANICA,Zidani,FTTE,MATISA,B10000TDE,"10,00",LOMBARDINI 25 LD 425/2 B1,SINCRO ET 2L BS,,,NE,,MOBILNI,10.0,MT2153,2005,55.0,12,,,,,,,16.78370509,44.53976578,GSM/UMTS/LTE,1,67,80,FUZZY_MEDIUM
100048,BIHAĆ,KLJUČ,US KLJUČ,Zidani,FTTE,MATISA,JDM1-80AD,"80,00",JOHN DEERE 4045,MARELLI MJB 225 SA4,DA,RGK60,DA,,STACIONARNI,1000.0,4095,2008,110.0,12,,,,,,,16.78370509,44.53976578,GSM/UMTS/LTE,1,67,80,FUZZY_MEDIUM
100051,BIHAĆ,KLJUČ,US KLJUČ,Zidani,FTTE,MATISA,MB-B7000LS1-7,"7,00",LOMBARDINI 3LD 450,Sincro ET2MCS,,,NE,,MOBILNI,5.0,MB2276,2008,55.0,12,,,,,,,16.78370509,44.53976578,GSM/UMTS/LTE,1,67,80,FUZZY_MEDIUM
100110,BIHAĆ,KOSTAJNICA,ALAGINCI,Kontejner,BS,ULUGUC,UG-PR33,"33,00",PERKINS 1103A-33G (DJ32003),GENSAN GSA 283M/T4,PALM YES1-100GA/4P,DSE 7420 MKII,DA,10.10.4.69,U IZOL. KUĆIŠTU,500.0,U 506685 D - 11453,2018,75.0,12,,,,,,,18.07030839,44.77007819,GSM/LTE,1,135,100,EXACT
100061,BIHAĆ,SANSKI MOST,LOKVENI VRH,Zidani,RRst,FG WILSON,FG WILSON P55E1,"55,00",PERKINS 2506/1500,Leroy Somer LL2014D,Energoinvest,DSE,DA,,STACIONARNI,1600.0,246906,2010,100.0,12,2023.0,,,,,,16.66776326,44.76516277,GSM/UMTS/LTE,1,26,100,EXACT
100063,BIHAĆ,SANSKI MOST,SUHAČA,Kontejner,BS,MATISA,PS1-14AD-ATL,"13,30",PERKINS 403C-15 IOPU (HL35100U),STAMFORD BC.I164D1,ATL30,RGK 60,NE,,STACIONARNI,3000.0,,2010,55.0,12,,,,,,,16.66776326,44.76516277,GSM/UMTS/LTE,1,26,100,EXACT
100064,BIHAĆ,SANSKI MOST,SUHAČA,Kontejner,BS,MATISA,PS1-14AD-ATL,"13,30",PERKINS 403C-15 IOPU (HL35100U),STAMFORD BC.I164D1,ATL30,RGK 60,NE,,STACIONARNI,3000.0,,2010,55.0,12,,,,,,,16.66776326,44.76516277,GSM/UMTS/LTE,1,26,100,EXACT
100060,BIHAĆ,SANSKI MOST,US SANSKI MOST,Zidani,FTTE,MATISA,B 7000 TDE,"7,00",LOMBARDINI 3LD 450,SINCRO ET2MCS,,NE,NE,,MOBILNI,5.0,5252437,2005,55.0,12,,,,,,,16.66776326,44.76516277,GSM/UMTS/LTE,1,26,100,EXACT
100069,BIHAĆ,SANSKI MOST,US SANSKI MOST,Zidani,FTTE,MATISA,DM1 135 AD,"135,00",DEUTZ 13027701,SINCRO SK 225 LM,,RGK60,DA,,STACIONARNI,2000.0,2455,2014,200.0,24,,,,,,,16.66776326,44.76516277,GSM/UMTS/LTE,1,26,100,EXACT
100071,BIHAĆ,SANSKI MOST,US SANSKI MOST,Outdoor Ormar,FTTE,FG WILSON,P40,"40,00",PERKINS H3 DB2435-4759,,NE,NE,NE,,U IZOL. KUĆIŠTU,150.0,Y4739B/003,,75.0,12,,,,,,,16.66776326,44.76516277,GSM/UMTS/LTE,1,26,100,EXACT
100062,BIHAĆ,VELIKA KLADUŠA,VELIKA KLADUŠA,Zidani,FTTE,FG WILSON,P110E_PWP10,"110,00",PERKINS 1006-6TG,Leroy Somer LL 3014B,Energoinvest,DSE,DA,,STACIONARNI,1000.0,10395,2005,110.0,12,,,,,,,15.80198522,45.17732204,GSM/UMTS/LTE,1,58,93,FUZZY_HIGH
100017,MOSTAR,ČAPLJINA,ŠATOROVA GOMILA ,Kontejner,BS,FG WILSON,P50-1,"50,00",PERKINS 1103A-33TG1,,,DSE 7320,NE,,U IZOL. KUĆIŠTU,200.0,FGWPEP22EBMU03444,2011,,12,,,,,,,17.70260436,43.11158091,GSM/UMTS/LTE,1,179,88,FUZZY_HIGH
100024,MOSTAR,JABLANICA,JABLANICA,Zidani,TKC,FG WILSON,DH 22 E 2,"22,00",,,,,NE,,STACIONARNI,200.0,,,,,,,,,,,17.76993224,43.65865695,GSM/UMTS/LTE,1,86,100,EXACT
100026,MOSTAR,KONJIC,KONJIC,Mobilni,,GENELEC,ET2M-S,"6,00",,,,,NE,,STACIONARNI,5.0,2005545,2008,,,,,,,,,17.96298764,43.6556889,GSM/UMTS/LTE,1,87,100,EXACT
100020,MOSTAR,KONJIC,LISIN,Zidani,RRst,PERKINS,"PERKINS /2005. 82,5KVA-66 KW","82,50",PERKINS,,,DSE 7320,DA,,STACIONARNI,10000.0,,2005,,12,,,,28.05.2020 GODINE OD STRANE HIFAPETROLA DOSTAVLJENO I TANKOVANO U REZERVNI TANK 3.000 LITARA NAFTE....,,,17.96298764,43.6556889,GSM/UMTS/LTE,1,87,100,EXACT
100021,MOSTAR,KONJIC,TKC KONJIC,Zidani,TKC,TORPEDO RIJEKA,45355 M85-4 C,"206,00",TORPEDO RIJEKA,RADE KONČAR,,INTELILITE AMF 25,DA,,STACIONARNI,2000.0,376073-170235,1981,,,,,,NADLEŽNOST BH POŠTE,26.06.2025 00:00,Denis Ljuma,17.96298764,43.6556889,GSM/UMTS/LTE,1,87,100,EXACT
100152,MOSTAR,KONJIC,TKC KONJIC,Zidani,TKC,MATISA,P 130 MAUSP,"136,00",PERKINS 1006-6TAG,STAMFORD UC. I274E1,,,,,STACIONARNI,2000.0,,2003,75.0,12,,,,,26.06.2025 00:00,Denis Ljuma,17.96298764,43.6556889,GSM/UMTS/LTE,1,87,100,EXACT
100114,MOSTAR,LJUBINJE,PLOČNIK,Zidani,RRST,CONEX,39A4R45,"53,00",STAMFORD,,,DSE 7420,DA,,STACIONARNI,2000.0,,,95.0,24,,,,,04.11.2024 00:00,Denis Ljuma,18.0993643,42.95717282,GSM/LTE,1,198,100,EXACT
100023,MOSTAR,MOSTAR,BLAGAJ,Zidani,FTTE,FG WILSON,PH 22 E 2,"22,00",PERKINS 404C-22G2,,,,NE,,STACIONARNI,3000.0,,2004,,,,,,,,,18.13314245,44.0207769,GSM/UMTS/LTE,1,309,83,FUZZY_MEDIUM
100105,MOSTAR,MOSTAR,FORTICA,Kontejner,RRst,FG WILSON,P33-3,"33,00",PERKINS 1103A-33G1,LEROY SOMER LL1014S,,DSE 7420,NE,,U IZOL. KUĆIŠTU,250.0,,2015,95.0,12,,,,,,,18.13314245,44.0207769,GSM/UMTS/LTE,1,309,83,FUZZY_MEDIUM
100134,MOSTAR,MOSTAR,MOSTAR,Na prikolici,,CATERPILLAR,DE18E3,"18,00",CAT C2.2,CAT M1434L4,,TCP1000,NE,,MOBILNI,55.0,,2021,100.0,12,2021.0,,,,,,18.13314245,44.0207769,GSM/UMTS/LTE,1,309,83,FUZZY_MEDIUM
100025,MOSTAR,MOSTAR,NOVI TKC,Zidani,TKC,ZORDAN-ITALY,3061SRI2505A550,"360,00",IVECO,ZORDAN,,DSE 7320,DA,,STACIONARNI,10000.0,,2010,,,,,,,,,18.13314245,44.0207769,GSM/UMTS/LTE,1,309,83,FUZZY_MEDIUM
100027,MOSTAR,MOSTAR,NOVI TKC,Mobilni,,HONDA,ECT 7000,"6,00",HONDA,,,,NE,,MOBILNI,5.0,,2011,,12,,,,,,,18.13314245,44.0207769,GSM/UMTS/LTE,1,309,83,FUZZY_MEDIUM
100028,MOSTAR,MOSTAR,NOVI TKC,Mobilni,,HONDA,ECT 7000,"6,00",HONDA,,,,NE,,MOBILNI,5.0,,2011,,12,,,,,,,18.13314245,44.0207769,GSM/UMTS/LTE,1,309,83,FUZZY_MEDIUM
100019,MOSTAR,MOSTAR,PARIĆ,Zidani,RRst,FG WILSON,P33-1,"33,00",PERKINS 1103A-33G1,MARELLI MJB 160 MB4,,DCP-10,NE,,STACIONARNI,1000.0,FGWPEP21KAMU04881,2016,,,,,,,,,18.13314245,44.0207769,GSM/UMTS/LTE,1,309,83,FUZZY_MEDIUM
100022,MOSTAR,MOSTAR,POTOCI,Zidani,FTTE/BS,CTM,LD 30 /W2,"30,00",LISTER-PETTER,,,560-149,NE,,STACIONARNI,50.0,A0686D / 001,1995,,,,,,,,,18.13314245,44.0207769,GSM/UMTS/LTE,1,309,83,FUZZY_MEDIUM
100016,MOSTAR,MOSTAR,TKC ISKRA,Zidani,TKC,TESSARI,IDGS-IVE125 / MK,"125,00",,,,,NE,,U IZOL. KUĆIŠTU,200.0,,1996,,,,,,,,,18.13314245,44.0207769,GSM/UMTS/LTE,1,309,83,FUZZY_MEDIUM
100018,MOSTAR,MOSTAR,V. VIDOVA,Zidani,RRst,PERKINS-STANFORD,P75 M,"72,00",PERKINS 1004A-44,,,DSE 7320,NE,,STACIONARNI,600.0,MT2112,2004,,,,,,,,,18.13314245,44.0207769,GSM/UMTS/LTE,1,309,83,FUZZY_MEDIUM
100109,SARAJEVO,CENTAR,GRDONJ,Kontejner,RRst,ULUGUC,UG-PR33,"33,00",PERKINS 1103A-33G (DJ32003),GENSAN GSA 283M/T4,,DATAKOM D500,DA,10.41.0.247,U IZOL. KUĆIŠTU,500.0,P2018033001,2018,75.0,12,,,,"stanje na 16.10.2020. broj sati rada 64,6h. stanje goriva 100%",,,18.7745579,43.50751272,GSM/UMTS/LTE,1,1493,71,FUZZY_MEDIUM
100117,SARAJEVO,CENTAR,UPRAVNA ZGRADA - FRANCA LEHARA 7,Zidani,TKC,MATISA,PM1 450 AD,"450,00",PERKINS 2506C-E15TAG1,MECC ALTE ECO40 2S/4,DSE344,DSE 7420 MKII,DA,10.10.1.12,STACIONARNI,950.0,MM 13528,2013,95.0,,,,,"15.02.2023. Izvršena montaža strujnih transformatora za potrebe kontrole i praćenja električnih parametara DEA
10.11.2022. izvršena zamjena kontrolera DSE 7320 sa DSE 7420 MKII. Agregat dodan u nadzor. Ip adresa 10.10.1.12
11.11.2020. izvršena zamjena sta",,,18.7745579,43.50751272,GSM/UMTS/LTE,1,1493,71,FUZZY_MEDIUM
100015,SARAJEVO,GORAŽDE,HADŽIĆA BRDO,Zidani,RRst,FG WILSON,P33-3,"33,00",PERKINS 1103A-33G (DJ32011),MARELLI MJB160 MB4,SCHNEIDER LC1 D50A P7,DSE 7420 MKII,DA,10.41.24.50,U IZOL. KUĆIŠTU,600.0,FGWPEP21AAMU07043,2020,95.0,12,,,,Baterija montirana 12.2020.,,,18.11730544,44.07275056,GSM/UMTS/LTE,1,1026,73,FUZZY_MEDIUM
100118,SARAJEVO,GORAŽDE,PETIBOR,Kontejner,BS,FG WILSON,P33-3,"33,00",PERKINS 1103A-33G (DJ32011),MARELLI MJB160 MB4,SCHNEIDER LC1 D50A P7,DSE 7420 MKII,DA,10.41.24.49,U IZOL. KUĆIŠTU,600.0,FGWPEP21CAMU07047,2020,95.0,12,,,,95Ah baterija montirana 12.2020.,,,18.11730544,44.07275056,GSM/UMTS/LTE,1,1026,73,FUZZY_MEDIUM
100120,SARAJEVO,GORAŽDE,ZEBINA ŠUMA,Zidani,BS,FG WILSON,P33-3,"33,00",PERKINS 1103A-33G (DJ32011),MARELLI MJB160 MB4,SCHNEIDER LC1 D50A P7,DSE 7420 MKII,DA,10.41.24.53,U IZOL. KUĆIŠTU,600.0,,2020,95.0,12,,,,95Ah baterija montirana 12.2020,,,18.11730544,44.07275056,GSM/UMTS/LTE,1,1026,73,FUZZY_MEDIUM
100014,SARAJEVO,GORAŽDE,ZGRADA CTK ,Zidani,TKC,KUNER/TESSARI,Tessari IDGS-IVE105/PTT,"105,00",IVECO aifo 8061.SI.25,,LOVATTO,Energia Tessari,NE,,STACIONARNI,1000.0,33715-1034,1999,,12,,,,03.2023. izvršena zamjena start baterije,,,18.11730544,44.07275056,GSM/UMTS/LTE,1,1026,73,FUZZY_MEDIUM
100108,SARAJEVO,HAN PIJESAK,VELIKI ŽEP,Zidani,RRst,FG WILSON,P33-3,"33,00",PERKINS 1103A-33G1,MARELLI MJB 160 MB4,,DSE 7420,DA,10.10.1.55,STACIONARNI,1000.0,,2018,75.0,,,,,"15.10.2020. nasuto gorivo (stanje 91%). Broj sati rada 705,17 h

13.10.2020. agregat radio oko 7h 30min (stanje goriva 67%).",,,18.95126796,44.08609608,GSM/LTE,1,714,100,EXACT
100119,SARAJEVO,ILIJAŠ,KARAŠNICA,Kontejner,BS,FG WILSON,P33-3,"33,00",PERKINS 1103A-33G (DJ32011),MARELLI MJB160 MB4,SCHNEIDER LC1 D50A P7,DSE 7420 MKII,DA,10.41.0.54,U IZOL. KUĆIŠTU,600.0,FGWPEP21VAMU06957,2020,95.0,12,,,,95Ah baterija montirana 12.2020.,,,18.30721908,43.83071471,GSM/UMTS/LTE,1,6,67,FUZZY_LOW
100116,SARAJEVO,SARAJEVO,A.POLJE DATA CENTAR,Zidani,Data Centar,MATISA,DDM1-670AD,"680,00",DOOSAN DP222LB,MECC ALTE ECO40 2L/4,,DSE 7410,DA,10.10.1.10,STACIONARNI,1200.0,MM18893,2018,75.0,,,,,,,,18.03380154,44.69031454,GSM/LTE,1,1458,67,FUZZY_LOW
100004,SARAJEVO,SARAJEVO,ALIPAŠINO POLJE,Zidani,TKC,FG WILSON,P660E5,"670,00",PERKINS 2806A-E18TAG1A,LEROY SOMER LL6114K-G,,DSE 7420,DA,,STACIONARNI,16000.0,228699-10/JGXF2004 U172508,2008,75.0,24,,,,02.2020. izvršena zamjena start baterije,,,18.03380154,44.69031454,GSM/LTE,1,1458,67,FUZZY_LOW
100131,SARAJEVO,SARAJEVO,ALIPAŠINO POLJE,Zidani,TKC,FG WILSON,P1000E1,"1000,00",PERKINS 4008TAG1A,LEROY SOMER L7224N,ATI1600,DSE 7420 MKII,DA,,STACIONARNI,2000.0,,2022,,24,,,,Dvije aku baterije 12V 145Ah,,,18.03380154,44.69031454,GSM/LTE,1,1458,67,FUZZY_LOW
100002,SARAJEVO,SARAJEVO,BAŠČARŠIJA,Zidani,TKC,MATISA,F-250 MAU,"250,00",IVECO 8210 SRI25.01 A550,STAMFORD HCI444C-G,,TE 803,DA,,STACIONARNI,400.0,0133014-07/568708,2001,,"27,6",,,,,13.01.2026 00:00,Jasmin Karahasanović,18.03380154,44.69031454,GSM/LTE,1,1458,67,FUZZY_LOW
100010,SARAJEVO,SARAJEVO,BREZOVAČA,Kontejner,BS,MATISA,PS1-14AD-ATL,"13,30",PERKINS 403C-15 IOPU (HL35100U),STAMFORD BS164D,ATL30,RGK 60,NE,,STACIONARNI,3000.0,0241431/019,2008,,12,,,,,,,18.03380154,44.69031454,GSM/LTE,1,1458,67,FUZZY_LOW
100011,SARAJEVO,SARAJEVO,BREZOVAČA,Kontejner,BS,MATISA,PS1-14AD-ATL,"13,30",PERKINS 403C-15 IOPU (HL35100U),STAMFORD BS164D,ATL30,RGK 60,NE,,STACIONARNI,3000.0,0241431/010,2008,75.0,12,,,,,,,18.03380154,44.69031454,GSM/LTE,1,1458,67,FUZZY_LOW
100009,SARAJEVO,SARAJEVO,BUKOVIK,Zidani,RRst,KUNER/TESSARI,IDGS-IVE80/PTT,"80,00",IVECO aifo SI 16.05 A550,ST.33 604 1025-G,,DSE 7420,DA,10.41.1.137,STACIONARNI,1000.0,C 073498/07,1997,,12,,,,"stanje na 16.10.2020. broj sati rada 641,12h , stanje goriva 81%",,,18.03380154,44.69031454,GSM/LTE,1,1458,67,FUZZY_LOW
100000,SARAJEVO,SARAJEVO,DOLAC MALTA,Zidani,TKC,MATISA,MTU1000AUWIN,"1000,00",MTU 18V2000-M,STAMFORD HC.IG34K1-G,,TE 803,DA,,STACIONARNI,16000.0,P212-117/01,2001,,24,,,,,,,18.03380154,44.69031454,GSM/LTE,1,1458,67,FUZZY_LOW
100001,SARAJEVO,SARAJEVO,DOLAC MALTA,Zidani,TKC,CATERPILLAR,plinski,"280,00",,,,,DA,,STACIONARNI,,,1993,,,,,,,,,18.03380154,44.69031454,GSM/LTE,1,1458,67,FUZZY_LOW
100115,SARAJEVO,SARAJEVO,DOLAC MALTA,Kontejner,TKC,FG WILSON,P900E1,"900,00",PERKINS 4006-23TAG3A (DGDF8551),LEROY SOMER LL7024P,SIEMENS 3WA1 1600A,DSE 7410,DA,,STACIONARNI,1600.0,FGWRPES3VDPS05054,2019,100.0,24,,,,,,,18.03380154,44.69031454,GSM/LTE,1,1458,67,FUZZY_LOW
100132,SARAJEVO,SARAJEVO,DOLAC MALTA,Na prikolici,,CATERPILLAR,DE18E3,"18,00",CAT C2.2,CAT M1434L4,,TCP1000,NE,,MOBILNI,55.0,CAT00C22AGBY11866,2021,100.0,12,2021.0,,,,,,18.03380154,44.69031454,GSM/LTE,1,1458,67,FUZZY_LOW
100007,SARAJEVO,SARAJEVO,HRASNICA,Zidani,TKC,KUNER/TESSARI,IDGS-IVE80/PTT,"80,00",IVECO aifo SI 16.05 A550,ST.33 604 1025-G,,DA,DA,,STACIONARNI,460.0,,1997,,12,,,,,,,18.03380154,44.69031454,GSM/LTE,1,1458,67,FUZZY_LOW
100006,SARAJEVO,SARAJEVO,ILIDŽA,Zidani,TKC,KUNER/TESSARI,IDGS-IVE250/PTT,"250,00",IVECO 8210 SRI 25.01,,,TE 803,DA,,STACIONARNI,400.0,C061031-4/433093,1998,,12,,,,,,,18.03380154,44.69031454,GSM/LTE,1,1458,67,FUZZY_LOW
100003,SARAJEVO,SARAJEVO,OBALA,Zidani,TKC,MATISA,F-250 MAU,"250,00",IVECO 8210 SRI25.01,STAMFORD HCI444C-G,,TE 803,NE,,STACIONARNI,255.0,0133014-06/573677,2008,110.0,"27,5",,,,,13.01.2026 00:00,Jasmin Karahasanović,18.03380154,44.69031454,GSM/LTE,1,1458,67,FUZZY_LOW
100013,SARAJEVO,SARAJEVO,ORMANJ,Zidani,RRst,FG WILSON,P33-3,"33,00",PERKINS 1103A-33G1,MARELLI MJB 160 MB4,,DSE 7420,DA,10.41.30.167,STACIONARNI,1000.0,FGWPEP21HAMU06364,2016,,12,,,,"stanje na 16.10.2020. broj sati rada: 10,16h, stanje goriva: 79%

06.2020. izvršena zamjena start baterije",,,18.03380154,44.69031454,GSM/LTE,1,1458,67,FUZZY_LOW
100005,SARAJEVO,SARAJEVO,TI A. POLJE DATA CENTAR,Zidani,Data Centar,FG WILSON,P500E1,"500,00",PERKINS 2806C-E16TAG1-M,LEROY SOMER LL6014F-G,,DSE 7410,DA,10.10.1.11,STACIONARNI,400.0,FGWRPES1HLPS03645,2005,,24,,,,,,,18.03380154,44.69031454,GSM/LTE,1,1458,67,FUZZY_LOW
100012,SARAJEVO,SARAJEVO,TREBEVIĆ,Zidani,RRst,FG WILSON,P33-1,"33,00",PERKINS 1103A-33G1 (DJU379084X),LEROY SOMER LL1014S,,DSE 7420,DA,10.41.0.248,STACIONARNI,1000.0,FGWPEP21LAMU04693,2015,,12,,,,"stanje na 16.10.2020. broj sati rada: 182,38h, stanje goriva 140cm",,,18.03380154,44.69031454,GSM/LTE,1,1458,67,FUZZY_LOW
100008,SARAJEVO,SARAJEVO,VOGOŠĆA,Zidani,TKC,KUNER/TESSARI,IDGS-IVE80/PTT,"80,00",IVECO aifo SI 16.05 A550,ST.33 604 1025-G,,DEEP SEA ELECTRONICS,DA,,STACIONARNI,1000.0,C070993-03/325592,1997,,12,,,,,,,18.03380154,44.69031454,GSM/LTE,1,1458,67,FUZZY_LOW
100041,TRAVNIK,BUGOJNO,BUGOJNO,Zidani,US/BS,FG WILSON,P65E3,"65,00",PERKINS 1103A-33TG2 (DKU133904P) ,LEROY SOMER LL2014H,ATI 125,DSE 7420 MKII,NE,10.10.6.75,STACIONARNI,175.0,FGWPEPP5HATS13004,2007,92.0,,,,,,,,17.44577823,44.0530994,GSM/UMTS/LTE,1,57,78,FUZZY_MEDIUM
100033,TRAVNIK,BUGOJNO,VRANA,Zidani,BS,FG WILSON,P18-4,"18,00",PERKINS 404D-22G1,LEROY SOMER LL1014L,,DSE 7420,DA,10.10.6.3,STACIONARNI,600.0,250586/003,2010,75.0,,,,,,,,17.44577823,44.0530994,GSM/UMTS/LTE,1,57,78,FUZZY_MEDIUM
100039,TRAVNIK,DONJI VAKUF,DONJI VAKUF,Zidani,US,FG WILSON,P44E3,"44,00",PERKINS 1103A-33TG1 (DKU121468P),LEROY SOMER LL2014B,ATI 125,PWP10,NE,,STACIONARNI,170.0,FGWPEPP5LATS11879,2007,92.0,,,,,,,,17.39597808,44.14741312,GSM/UMTS/LTE,1,68,100,EXACT
100035,TRAVNIK,FOJNICA,FOJNICA,Zidani,FTTC/BS,FG WILSON,P30E1,"30,00",PERKINS 1103A-33G1 (DJU114109P),LEROY SOMER LL1014B,ATI 125,DSE 7420 MKII,NE,,STACIONARNI,175.0,FGWPEPP4CETH10743,2007,88.0,,,,,,,,17.89688025,43.96686532,GSM/UMTS/LTE,1,153,100,EXACT
100139,TRAVNIK,GLAMOČ,MLINIŠTE,Kontejner,BS,FG WILSON,P13.5-4,"13,30",,,ATL30,,DA,,STACIONARNI,1000.0,,2019,75.0,12,,,,,,,16.90021298,44.93235593,GSM/UMTS/LTE,1,894,57,FUZZY_LOW
100042,TRAVNIK,GORNJI VAKUF,GORNJI VAKUF,Zidani,US,FG WILSON,P30E1,"30,00",PERKINS 1103A-33G1 (DJU151192P),LEROY SOMER LL1014B,ATI 125,PWP10,NE,,STACIONARNI,175.0,FGWPEPP4AETH08381,2007,92.0,,,,,,,,17.58882141,43.93824839,GSM/UMTS/LTE,1,70,100,EXACT
100036,TRAVNIK,GORNJI VAKUF,PAJIĆ POLJE,Zidani,US,LOMBARDINI,6LD400,"5,00",LOMBARDINI 6LD400,,,,NE,,MOBILNI,10.0,,1996,88.0,12,,,,,,,17.58882141,43.93824839,GSM/UMTS/LTE,1,70,100,EXACT
100038,TRAVNIK,GORNJI VAKUF,VOLJICE,Zidani,US,BOSCH,BOSCH 8000,"5,50",BRIGS&STRATTON 185432,,,,NE,,MOBILNI,10.0,FD268,1998,180.0,12,,,,,,,17.58882141,43.93824839,GSM/UMTS/LTE,1,70,100,EXACT
100111,TRAVNIK,JAJCE,VINAC,Zidani,US,FG WILSON,P13.5-6,"12,00",PERKINS 403D-15G,LEROY SOMER LL1114D,DSE 705,DCP10,NE,,STACIONARNI,200.0,FGWPEP41CMWO00147,2012,88.0,12,,,,,,,17.25866209,44.33509864,GSM/UMTS/LTE,1,186,100,EXACT
100148,TRAVNIK,KISELJAK,ČUBREN,Kontejner,RRst,TEKSAN,TJ35BD5L,"35,00",BAUDOUIN 4M06G35/5,LEROY SOMER TAL 042C,ABB AF-40-40-00,DSE 7420 MKII,DA,10.10.6.80,U IZOL. KUĆIŠTU,600.0,,2022,75.0,12,2022.0,9. 3. 2025.,,,,,18.07298505,43.94079448,GSM/UMTS/LTE,1,216,100,EXACT
100037,TRAVNIK,NOVI TRAVNIK,NOVI TRAVNIK,Zidani,FTTC/BS,FG WILSON,P30E1,"30,00",PERKINS 1103A-33G1 (DJU115661P),LEROY SOMER LL1014B,ATI 125,PWP10,NE,,STACIONARNI,175.0,FGWPEPP4CETH08404,2007,100.0,,,,,,,,17.65354946,44.16899958,GSM/UMTS/LTE,1,152,100,EXACT
100031,TRAVNIK,TOMISLAVGRAD,TUŠNICA,Zidani,RRS/BS,FG WILSON,P27SS,"27,00",PERKINS,,,,NE,,STACIONARNI,175.0,,2002,75.0,12,,,,,,,17.22050286,43.71260101,GSM/UMTS/LTE,1,1161,77,FUZZY_MEDIUM
100032,TRAVNIK,TOMISLAVGRAD,TUŠNICA,Zidani,RRS/BS,FG WILSON,P27SS,"27,00",PERKINS,,,,NE,,STACIONARNI,175.0,,2002,75.0,12,,,,,,,17.22050286,43.71260101,GSM/UMTS/LTE,1,1161,77,FUZZY_MEDIUM
100106,TRAVNIK,TOMISLAVGRAD,TUŠNICA,Zidani,RRS/BS,FG WILSON,P33-3,"33,00",PERKINS 1103A-33G1,LEROY SOMER LL1014S,,DSE 7420,DA,10.10.6.2,STACIONARNI,1000.0,FGWPEP21LAMU05357,2014,75.0,12,,,,,,,17.22050286,43.71260101,GSM/UMTS/LTE,1,1161,77,FUZZY_MEDIUM
100034,TRAVNIK,TRAVNIK,BABANOVAC,Zidani,US,ACME,ADN43W,"4,50",ACME,SINCRO,,,NE,,MOBILNI,5.0,3088144,1998,88.0,12,,,,,,,17.658949,44.226921,GSM/UMTS/LTE,1,55,78,FUZZY_MEDIUM
100029,TRAVNIK,TRAVNIK,HAMAMDŽIĆI,Kontejner,BS,MATISA,PS1-14AD-ATL,"13,30",PERKINS 403C-15 IOPU (HL35100U),STAMFORD BS164D,ATL30,RGK 60,NE,,STACIONARNI,3000.0,MM8110,2008,75.0,12,,,,,,,17.658949,44.226921,GSM/UMTS/LTE,1,55,78,FUZZY_MEDIUM
100112,TRAVNIK,TRAVNIK,SLIMENA,Zidani,US,FG WILSON,P110-2,"110,00",PERKINS 1104C-44TA,LEROY SOMER LL3014B,,DSE 7410 MKII,NE,,U IZOL. KUĆIŠTU,250.0,FGWPEP24JDMU03276,2014,100.0,12,,,,tip 2643/1500,,,17.658949,44.226921,GSM/UMTS/LTE,1,55,78,FUZZY_MEDIUM
100030,TRAVNIK,TRAVNIK,TRAVNIK,Zidani,TKC,FG WILSON,P150E,"150,00",PERKINS 1006-6TW (YDU908985T),LEROY SOMER LL3014F,ATI 250,DSE 7410 MKII,DA,10.10.6.4,STACIONARNI,300.0,FGWPEP05TC0A14394,2009,92.0,12,,,,,,,17.658949,44.226921,GSM/UMTS/LTE,1,55,78,FUZZY_MEDIUM
100107,TRAVNIK,TRAVNIK,TRAVNIK,Na prikolici,,FG WILSON,P13.5-4,"13,80",PERKINS GK 65861 U,LEROY SOMER LL1014H,ATI 125,DCP10M,NE,,MOBILNI,60.0,FGWPEP15KD3L02351,2009,50.0,,,,,,,,17.658949,44.226921,GSM/UMTS/LTE,1,55,78,FUZZY_MEDIUM
100040,TRAVNIK,TURBE,TURBE,Zidani,FTTC/BS,FG WILSON,P18-6,"18,00",PERKINS 404D-22G1,,,DCP10,NE,,STACIONARNI,60.0,FGWPEP42LMWP00196,2013,75.0,,,,,,,,17.59352336,44.25434912,GSM/UMTS/LTE,1,147,100,EXACT
100078,TUZLA,BANOVIĆI,BANOVIĆI,Zidani,TKC,MATISA,P75SS,"72,50",PERKINS 1004-4T (AB35049),STAMFORD UCD224F,,TE803,DA,,U IZOL. KUĆIŠTU,450.0,P2001-15-0663,2001,135.0,,2021.0,,,NADZOR: DIAL-UP,,,18.52394769,44.40058548,GSM/UMTS/LTE,1,36,88,FUZZY_HIGH
100125,TUZLA,BIJELJINA,JANJA,Kontejner,BS,ULUGUC,UG-PR33,"33,00",PERKINS 1103A-33G (DJ32003),GENSAN GSA 273M/T4,PALM ELECTRIC YES1-100GA/4P,DATAKOM D500,DA,10.10.2.24,U IZOL. KUĆIŠTU,500.0,P2018033002,2018,75.0,12,2023.0,,,,18.11.2024 00:00,Muamer Halilović,19.2176188,44.7582278,GSM/UMTS/LTE,1,213,100,EXACT
100141,TUZLA,BRATUNAC,BRATUNAC,Kontejner,BS,TEKSAN,TJ35BD5L,"35,00",BAUDOUIN 4M06G35/5,LEROY SOMER TAL 042C J 6S/4,ABB AF40-40-00-13,DSE 7420 MKII,DA,10.10.2.39,U IZOL. KUĆIŠTU,600.0,DDK3637,2022,75.0,12,2022.0,9. 3. 2025.,,,18.11.2024 00:00,Muamer Halilović,19.31563692,44.20012516,GSM/UMTS/LTE,1,204,100,EXACT
100126,TUZLA,BRATUNAC,KONJEVIĆ POLJE,Kontejner,BS,ULUGUC,UG-PR33,"33,00",PERKINS 1103A-33G (DJ32003),GENSAN GSA 273M/T4,PALM ELECTRIC YES1-100GA/4P,DATAKOM D500,DA,10.10.2.21,U IZOL. KUĆIŠTU,500.0,P2018033003,2018,75.0,12,2023.0,,,,18.11.2024 00:00,Muamer Halilović,19.31563692,44.20012516,GSM/UMTS/LTE,1,204,100,EXACT
100076,TUZLA,BRČKO,BRKA,Zidani,TKC,MATISA,P42SS,"42,00",PERKINS 4.236 (LD35008),MARELLI M8B 200 SB 4,,RGK60,NE,,U IZOL. KUĆIŠTU,,,1994,135.0,,2017.0,,,REZERVOAR: 100L,,,18.820439,44.872179,GSM/UMTS/LTE,1,225,80,FUZZY_MEDIUM
100149,TUZLA,BRČKO,DIREKCIJA BRČKO TKC,Zidani,TKC,MATISA,BM3 100AD,"100,00",BAUDOUIN 4M11G110/5E2,,,DSE 7420,NE,,U IZOL. KUĆIŠTU,400.0,MT 2554,2019,140.0,,2019.0,,,,,,18.820439,44.872179,GSM/UMTS/LTE,1,225,80,FUZZY_MEDIUM
100122,TUZLA,BRČKO,MERAJE,Kontejner,BS,ULUGUC,UG-PR33,"33,00",PERKINS 1103A-33G (DJ32003),GENSAN GSA 273M/T4,PALM ELECTRIC YES1-100GA/4P,DATAKOM D500,DA,10.10.2.27,U IZOL. KUĆIŠTU,500.0,PR2019033008,2019,75.0,12,2023.0,,,,18.11.2024 00:00,Muamer Halilović,18.820439,44.872179,GSM/UMTS/LTE,1,225,80,FUZZY_MEDIUM
100077,TUZLA,ČELIĆ,ČELIĆ,Zidani,FTTE,MATISA,LTE 16 SS,"16,00",LOMBARDINI LDW 903/B1,SINCRO FT2MBS,LOVATO BF16.4,TE803,NE,,U IZOL. KUĆIŠTU,260.0,MM 2016,2002,75.0,12,2022.0,,,,29.05.2025 00:00,Muamer Halilović,18.79780515,44.72506142,GSM/UMTS/LTE,1,108,60,FUZZY_LOW
100082,TUZLA,DOBOJ ISTOK,KLOKOTNICA,Zidani,FTTE,TEKSAN,TJ35BD5L,"35,00",BAUDOUIN 4M06G35/5,LEROY SOMER TAL 042C J 6S/4,ABB AF40-40-00-13,DSE 7420 MKII,DA,10.10.2.37,U IZOL. KUĆIŠTU,600.0,DDK3641,2022,75.0,12,2022.0,9. 3. 2025.,,,18.11.2024 00:00,Muamer Halilović,18.0836452,44.73295231,GSM/UMTS/LTE,1,134,80,FUZZY_MEDIUM
100081,TUZLA,GRAČANICA,GRAČANICA,Zidani,TKC,MATISA,P-75 SS,"72,50",PERKINS 1004-4T (AB35049),STAMFORD UCD224F,LOVATO BF65,TE803,DA,,U IZOL. KUĆIŠTU,450.0,P2001-15-0664,2001,180.0,12,2021.0,,,NADZOR: DIAL-UP,26.05.2025 00:00,Muamer Halilović,18.30935273,44.70517285,GSM/UMTS/LTE,1,99,89,FUZZY_HIGH
100142,TUZLA,GRAČANICA,STRAŽEVAC,Kontejner,BS,TEKSAN,TJ35BD5L,"35,00",BAUDOUIN 4M06G35/5,LEROY SOMER TAL 042C J 6S/4,ABB AF40-40-00-13,DSE 7420 MKII,DA,10.10.2.41,U IZOL. KUĆIŠTU,600.0,DDK3671,2022,75.0,12,2022.0,9. 3. 2025.,,,18.11.2024 00:00,Muamer Halilović,18.30935273,44.70517285,GSM/UMTS/LTE,1,99,89,FUZZY_HIGH
100140,TUZLA,GRADAČAC,GRADAČAC,Zidani,TKC,KUMER,IDGS-IVE80/PTT,"80,00",IVECO 8061 SI 16.05 A550,STAMFORD UC.274C,LOVATO B145.4,RGK60,NE,,STACIONARNI,900.0,33602-1021,1996,180.0,12,2021.0,,,,26.05.2025 00:00,Muamer Halilović,18.41343271,44.8833952,GSM/UMTS/LTE,1,104,88,FUZZY_HIGH
100128,TUZLA,GRADAČAC,TRAMOŠNICA,Kontejner,BS,TEKSAN,TJ35BD5L,"35,00",BAUDOUIN 4M06G35/5,LEROY SOMER TAL 042C J 6S/4,ABB AF40-40-00-13,DSE 7420 MKII,DA,10.10.2.40,U IZOL. KUĆIŠTU,600.0,DDK3642,2022,75.0,12,2022.0,9. 3. 2025.,,,18.11.2024 00:00,Muamer Halilović,18.41343271,44.8833952,GSM/UMTS/LTE,1,104,88,FUZZY_HIGH
100074,TUZLA,KALESIJA,KALESIJA,Zidani,TKC,MATISA,P27 SS,"27,50",PERKINS 3.152 (CM37509),STAMFORD BC.184F,LOVATO BF40 4,TE803,DA,,U IZOL. KUĆIŠTU,450.0,107,2002,100.0,12,2020.0,,,NADZOR: DIAL-UP,26.05.2025 00:00,Muamer Halilović,18.80225828,44.47519027,GSM/UMTS/LTE,1,107,100,EXACT
100121,TUZLA,KALESIJA,VUKOVINE,Kontejner,BS,ULUGUC,UG-PR33,"33,00",PERKINS 1103A-33G (DJ32003),GENSAN GSA 273M/T4,PALM ELECTRIC YES1-100GA/4P,DATAKOM D500,DA,10.10.2.7,U IZOL. KUĆIŠTU,500.0,PR2019033006,2019,75.0,12,2025.0,,,,26.05.2025 00:00,Muamer Halilović,18.80225828,44.47519027,GSM/UMTS/LTE,1,107,100,EXACT
100084,TUZLA,KLADANJ,BRATILO,Kontejner,,FG WILSON,P33-3,"33,00",PERKINS 1103A-33G1 (DJ32011),MARELLI MJB 160 MB4,SOCOMEC ATYS D M 63A,DSE 7420,DA,10.10.2.47,U IZOL. KUĆIŠTU,500.0,FGWPEP21VAMU06442,2016,100.0,12,2022.0,,,,26.05.2025 00:00,Muamer Halilović,18.12395214,44.12901502,GSM/UMTS/LTE,1,60,77,FUZZY_MEDIUM
100083,TUZLA,KLADANJ,KLADANJ,Zidani,TKC,MATISA,P27 SS,"27,50",PERKINS 3.152 (CM37509),STAMFORD BC.184F,LOVATO BF40 4,TE803,DA,,U IZOL. KUĆIŠTU,850.0,106,2002,120.0,12,2023.0,,,NADZOR: DIAL-UP,26.05.2025 00:00,Muamer Halilović,18.12395214,44.12901502,GSM/UMTS/LTE,1,60,77,FUZZY_MEDIUM
100080,TUZLA,LUKAVAC,LUKAVAC,Zidani,TKC,MATISA,P-75 SS,"72,50",PERKINS 1004-4T (AB35049),STAMFORD UCD224F,LOVATO BF65 4,TE803,DA,,U IZOL. KUĆIŠTU,450.0,P2001-14-0606,2001,100.0,12,2023.0,,,NADZOR: DIAL-UP,26.05.2025 00:00,Muamer Halilović,18.50686531,44.52156486,GSM/UMTS/LTE,1,105,100,EXACT
100085,TUZLA,SAPNA,SAPNA CENTAR,Zidani,FTTE/BS,MATISA,P33,"15,00",HL35100U (403c-15),STAMFORD BC.16D,LOVATO BF16 4,RGK60,NE,,STACIONARNI,450.0,NEMA,NEMA,75.0,12,2024.0,,,,30.05.2025 00:00,Muamer Halilović,16.68054495,44.61045676,GSM/UMTS/LTE,1,486,73,FUZZY_MEDIUM
100136,TUZLA,SREBRENICA,KVARC,Zidani,RRST,FG WILSON,P33-1,"33,00",PERKINS 1103A-33G1,LEROY SOMER LL1014S,SCHNEIDER LC1D40,DSE 7420,DA,10.10.2.25,STACIONARNI,300.0,FGWPEP21CAMU04883,2015,75.0,12,2022.0,,,,26.05.2025 00:00,Muamer Halilović,19.29448926,44.10325075,GSM/UMTS/LTE,1,127,100,EXACT
100075,TUZLA,SREBRENIK,SREBRENIK,Zidani,TKC,TESSARI,IDGS-IVE80/PTT,"80,00",IVECO SI 16.05 A550,STAMFORD UC.274C,GHISALBA GH35B,RGK60,DA,,U IZOL. KUĆIŠTU,400.0,13601-1017,1996,120.0,12,2023.0,,,NADZOR DIAL-UP,22.12.2025 00:00,Muamer Halilović,18.49067572,44.70628376,GSM/UMTS/LTE,1,100,100,EXACT
100143,TUZLA,TEOČAK,TEOČAK,Kontejner,BS,FG WILSON,P33-3,"33,00",PERKINS 1103A-33G1 (DJ32011),MARELLI MJB 160 MB4,SOCOMEC ATYS D M 63A,DSE 7420,DA,10.10.2.48,U IZOL. KUĆIŠTU,500.0,FGWPEP21CAMU05970,2016,100.0,12,2022.0,,,,26.05.2025 00:00,Muamer Halilović,18.98835951,44.59546624,GSM/UMTS/LTE,1,211,83,FUZZY_MEDIUM
100127,TUZLA,TEOČAK,TEOČAK CENTAR,Zidani,TKC,TEKSAN,TJ35BD5L,"35,00",BAUDOUIN 4M06G35/5,LEROY SOMER TAL 042C J 6S/4,ABB AF40-40-00-13,DSE 7420 MKII,DA,10.10.2.38,U IZOL. KUĆIŠTU,600.0,DDK3640,2022,75.0,12,2022.0,9. 3. 2025.,,,18.11.2024 00:00,Muamer Halilović,18.98835951,44.59546624,GSM/UMTS/LTE,1,211,83,FUZZY_MEDIUM
100150,TUZLA,TUZLA,BOSANSKA POLJANA,Zidani,FTTC/BS,MATISA,P-75 SS,"72,50",PERKINS 1004-4T (AB37516),STAMFORD UCD224F,LOVATO BF80,RGK60,NE,,U IZOL. KUĆIŠTU,200.0,2001.49.2065,2001,100.0,12,2021.0,,,,26.05.2025 00:00,Muamer Halilović,18.67408838,44.5397315,GSM/UMTS/LTE,1,122,77,FUZZY_MEDIUM
100073,TUZLA,TUZLA,ILINČICA,Zidani,RRST,KUMER,IDGS-IVE80/PTT,"80,00",IVECO 8061 SI 16.05 A550,STAMFORD UC.274C,LOVATO B145.4,RGK60,DA,,STACIONARNI,500.0,33602-1019,1996,140.0,12,2022.0,,,NADZOR: DIAL-UP,26.05.2025 00:00,Muamer Halilović,18.67408838,44.5397315,GSM/UMTS/LTE,1,122,77,FUZZY_MEDIUM
100086,TUZLA,TUZLA,PAŠA BUNAR,Zidani,,FG WILSON,P150-3,"150,00",PERKINS 1006-6TW (YD51565),LEROY SOMER LL3014E,SOCOMEC ATI 250A,DSE 7410,DA,10.10.2.52,U IZOL. KUĆIŠTU,450.0,FGWPEP25EEMU05032,2014,90.0,12,2022.0,,,,29.07.2025 00:00,Muamer Halilović,18.67408838,44.5397315,GSM/UMTS/LTE,1,122,77,FUZZY_MEDIUM
100135,TUZLA,TUZLA,TUZLA,Na prikolici,,CATERPILLAR,DE18E3,"18,00",CAT C2.2,CAT M1434L4,,TCP1000,NE,,MOBILNI,55.0,,2021,100.0,12,2021.0,,,,,,18.67408838,44.5397315,GSM/UMTS/LTE,1,122,77,FUZZY_MEDIUM
100072,TUZLA,TUZLA,TUZLA TKC,Zidani,TKC,ULJANIK,AGD 571-12V71-K0633,"215,00",AGD 571-12V71-KO633,SIEMENS S4 06 4-K0570,LOVATO B310.4,DSE 7420 MKII,NE,,STACIONARNI,1500.0,367,1974,180.0,24,2023.0,,,,29.05.2025 00:00,Muamer Halilović,18.67408838,44.5397315,GSM/UMTS/LTE,1,122,77,FUZZY_MEDIUM
100123,TUZLA,ZVORNIK,PERUNIKA,Kontejner,BS,ULUGUC,UG-PR33,"33,00",PERKINS 1103A-33G (DJ32003),GENSAN GSA 273M/T4,PALM ELECTRIC YES1-100GA/4P,DATAKOM D500,DA,10.10.2.6,U IZOL. KUĆIŠTU,500.0,P2018033001,2018,75.0,12,2023.0,,,,18.11.2024 00:00,Muamer Halilović,19.101906,44.36235501,GSM/UMTS/LTE,1,228,100,EXACT
100124,TUZLA,ZVORNIK,ZVORNIK,Kontejner,BS,ULUGUC,UG-PR33,"33,00",PERKINS 1103A-33G (DJ32003),GENSAN GSA 273M/T4,PALM ELECTRIC YES1-100GA/4P,DATAKOM D500,DA,10.10.2.9,U IZOL. KUĆIŠTU,500.0,PR2019033007,2019,75.0,12,2023.0,,,,18.11.2024 00:00,Muamer Halilović,19.101906,44.36235501,GSM/UMTS/LTE,1,228,100,EXACT
100079,TUZLA,ŽIVINICE,ŽIVINICE,Zidani,TKC,MATISA,P-75 SS,"72,50",PERKINS 1004-4T (AB35049),STAMFORD UCD224F,LOVATO BF65 4,TE803,DA,,U IZOL. KUĆIŠTU,450.0,P2001-14-0607,2001,140.0,12,2021.0,,,NADZOR: DIAL-UP,26.05.2025 00:00,Muamer Halilović,18.65182186,44.44931586,GSM/UMTS/LTE,1,97,88,FUZZY_HIGH
100146,ZENICA,BANJA LUKA,ŠIBOVI,Zidani,RRst,FG WILSON,P33-1,"33,00",PERKINS 1453-V3230F572T,FG WILSON 533-1,,DSE 7420 MKII,DA,10.10.3.200,U IZOL. KUĆIŠTU,55.0,FGWPEP21PAMVO4992,2014,100.0,12,,,,,,,17.20041811,44.77873122,GSM/UMTS/LTE,1,163,83,FUZZY_MEDIUM
100089,ZENICA,BREZA,BREZA,Zidani,FTTE,MATISA,P40 MAUWIN,"42,50",PERKINS F4063,STAMFORD BS5000,,TE 803,NE,,STACIONARNI,450.0,P2001-25-1068,2001,100.0,,2023.0,,,,,,18.26013752,44.01907239,GSM/UMTS/LTE,1,71,100,EXACT
100100,ZENICA,DERVENTA,MARKOVAC,Kontejner,BS,MATISA,PS1-14AD-ATL,"13,30",PERKINS 403C-15 IOPU (HL35100U),STAMFORD BS164D,ATL30,RGK 60,DA,,STACIONARNI,3000.0,MM8108,2009,75.0,,2023.0,,,,,,17.9127311,44.97127202,GSM/UMTS/LTE,1,170,100,EXACT
100138,ZENICA,DERVENTA,MARKOVAC,Kontejner,BS,MATISA,PS1-14AD-ATL,"13,30",PERKINS 403C-15 IOPU (HL35100U),STAMFORD BS164D,ATL30,RGK 60,DA,,STACIONARNI,3000.0,MM8109,2009,75.0,,2023.0,,,,,,17.9127311,44.97127202,GSM/UMTS/LTE,1,170,100,EXACT
100091,ZENICA,KAKANJ,KAKANJ,Zidani,FTTE,MATISA,P100 MAU WIN,"100,00",PERKINS F3259,STAMFORD,,TE 803,NE,,STACIONARNI,450.0,P2001-25-1070,2001,100.0,,2023.0,,,,,,18.12395214,44.12901502,GSM/UMTS/LTE,1,60,100,EXACT
100104,ZENICA,MAGLAJ,MAGLAJ,Zidani,FTTE,KUNER/TESSARI,IDGS-IVE105/PTT,"105,00",IVECO aifo 8061 SI 07.05,STAMFORD,,Energia Tessari,NE,,U IZOL. KUĆIŠTU,250.0,,1998,100.0,,2023.0,,23.08.2023 00:00,,,,18.1024968,44.53841043,GSM/UMTS/LTE,1,59,100,EXACT
100094,ZENICA,NEMILA,NEMILA,Zidani,FTTE,KUNER/TESSARI,IDGS-IVE80/PTT,"100,00",IVECO aifo 8061 SI 07.05,STAMFORD UC.274013,,DSE 5200,NE,,STACIONARNI,1000.0,,2000,135.0,,,,,,,,17.92301193,44.37122833,GSM/UMTS/LTE,1,143,100,EXACT
100129,ZENICA,OLOVO,DOLOVI,Kontejner,BS,TEKSAN,TJ35BD5L,"35,00",BAUDOUIN 4M06G35/5,LEROY SOMER TAL 042C,ABB AF-40-40-00,DSE 7420 MKII,DA,10.10.3.203,U IZOL. KUĆIŠTU,600.0,DD92456,2022,75.0,12,2022.0,9. 3. 2025.,,,,,17.90575853,43.16091771,GSM/LTE,1,1204,73,FUZZY_MEDIUM
100087,ZENICA,OLOVO,OLOVO,Zidani,FTTE,MATISA,P40 MAUWIN,"42,50",PERKINS F4063,STAMFORD ,,TE 803,NE,,STACIONARNI,450.0,P2001-25-1067,2001,100.0,,2023.0,,,,,,17.90575853,43.16091771,GSM/LTE,1,1204,73,FUZZY_MEDIUM
100101,ZENICA,OLOVO,OLOVO,Zidani,FTTE,ACME,ADN43W,"4,50",ACME,SINCRO,,,NE,,MOBILNI,5.0,,2001,,,,,,,,,17.90575853,43.16091771,GSM/LTE,1,1204,73,FUZZY_MEDIUM
100099,ZENICA,SRBAC,MOTAJICA,Kontejner,BS,TEKSAN,TJ35BD5L,"35,00",BAUDOUIN 4M06G35/5,LEROY SOMER TAL 042C,ABB AF-40-40-00,DSE 7420 MKII,DA,10.10.3.201,U IZOL. KUĆIŠTU,600.0,DDK 3669,2022,75.0,12,2022.0,9. 3. 2025.,,,,,17.53161799,45.10152599,GSM/UMTS/LTE,1,174,100,EXACT
100098,ZENICA,TEŠANJ,TEŠANJ,Zidani,FTTE,MATISA,P40 MAUWIN,"42,50",PERKINS F4063,STAMFORD,,TE 803,NE,,STACIONARNI,450.0,P2001-25-1069,2002,100.0,,2023.0,,,,,,17.98081989,44.61258397,GSM/UMTS/LTE,1,61,83,FUZZY_MEDIUM
100097,ZENICA,TEŠANJ,TREBAČKO BRDO,Kontejner,RRst,TEKSAN,TJ35BD5L,"35,00",BAUDOUIN 4M06G35/5,LEROY SOMER TAL 042C,ABB AF-40-40-00,DSE 7420 MKII,DA,10.10.3.202,U IZOL. KUĆIŠTU,600.0,,2022,75.0,12,2022.0,9. 3. 2025.,,,,,17.98081989,44.61258397,GSM/UMTS/LTE,1,61,83,FUZZY_MEDIUM
100090,ZENICA,VAREŠ, VAREŠ,Zidani,FTTE,TORPEDO RIJEKA,4S 280 M65-4-MCF,"125,00",TORPEDO 25108 B 558ZA,4S 280 M65-4-MCF,,DSE 5200,NE,,STACIONARNI,400.0,379737-132942,1979,145.0,,2023.0,,,,,,18.31028861,44.14532109,GSM/UMTS/LTE,1,138,80,FUZZY_MEDIUM
100088,ZENICA,VISOKO,VISOKO,Zidani,FTTE,KUNER/TESSARI,IDGS-IVE80/PTT,"100,00",IVECO aifo SI 16.05 A550,ST.33 604 1025-G,,TESARI,NE,,STACIONARNI,150.0,,1999,100.0,,2023.0,,,,,,18.34890448,44.74990298,GSM/UMTS/LTE,1,370,80,FUZZY_MEDIUM
100096,ZENICA,ZAVIDOVIĆI,BLIZNA,Kontejner,FTTE,MATISA,PS1-14AD-ATL,"13,30",PERKINS 403C-15 IOPU (HL35100U),STAMFORD BS164D,ATL30,RGK 60,NE,,STACIONARNI,3000.0,,2010,75.0,,2023.0,,,,,,18.16895824,44.42380573,GSM/UMTS/LTE,1,65,90,FUZZY_HIGH
100095,ZENICA,ZAVIDOVIĆI,ZAVIDOVIĆI,Zidani,FTTE,FG WILSON,P135-1,"135,00",PERKINS 1006TAG,LEROY SOMER LL3014F,,DSE 7420,NE,,STACIONARNI,340.0,FGWPEP25PEMV,2015,100.0,12,2023.0,,,,,,18.16895824,44.42380573,GSM/UMTS/LTE,1,65,90,FUZZY_HIGH
100102,ZENICA,ZENICA, ZENICA,Mobilni,,GENELEC,DG6000LE-3,"5,00",D400E,A5L,,,NE,,MOBILNI,5.0,,2014,,,,,,,,,17.92809272,44.21096715,GSM/UMTS/LTE,1,1348,80,FUZZY_MEDIUM
100103,ZENICA,ZENICA, ZENICA,Mobilni,,GENELEC,DG6000LE-3,"5,00",D400E,A5L,,,NE,,MOBILNI,5.0,,2014,,,,,,,,,17.92809272,44.21096715,GSM/UMTS/LTE,1,1348,80,FUZZY_MEDIUM
100093,ZENICA,ZENICA,LISAC,Zidani,FTTE,KUNER/TESSARI,IDGS-IVE80/PTT,"100,00",IVECO aifo SI 8061.S1.16,STAMFORD UC.274C,,TE6331/1,NE,,STACIONARNI,500.0,304986,1996,100.0,,2023.0,,,,,,17.92809272,44.21096715,GSM/UMTS/LTE,1,1348,80,FUZZY_MEDIUM
100130,ZENICA,ZENICA,ŠERIĆI,Kontejner,BS,TEKSAN,TJ35BD5L,"35,00",BAUDOUIN 4M06G35/5,LEROY SOMER TAL 042C,ABB AF-40-40-00,DSE 7420 MKII,DA,10.10.3.204,U IZOL. KUĆIŠTU,600.0,,2022,75.0,12,2022.0,9. 3. 2025.,,,,,17.92809272,44.21096715,GSM/UMTS/LTE,1,1348,80,FUZZY_MEDIUM
100092,ZENICA,ZENICA,ZENICA,Zidani,FTTE,MATISA,P450 AU WIN,"450,00",PERKINS 3008-TA63,STAMFORD BS5000,,TE 803,NE,,STACIONARNI,2000.0,P212-001/01,2001,145.0,,2023.0,,,,,,17.92809272,44.21096715,GSM/UMTS/LTE,1,1348,80,FUZZY_MEDIUM
100144,ZENICA,ZENICA,ZENICA,Zidani,TKC,FG WILSON,P550-3,"550,00",PERKINS 2506A-E15TAG2,FG WILSON FG29A400,ATI800,DSE 8610 MKII,DA,10.10.20.110,U IZOL. KUĆIŠTU,500.0,,2022,100.0,,2022.0,,,,,,17.92809272,44.21096715,GSM/UMTS/LTE,1,1348,80,FUZZY_MEDIUM
100145,ZENICA,ZENICA,ZENICA,Zidani,TKC,FG WILSON,P550-3,"550,00",PERKINS 2506A-E15TAG2,FG WILSON FG29A400,ATI800,DSE 8610 MKII,DA,10.10.20.111,U IZOL. KUĆIŠTU,500.0,,2022,100.0,,2022.0,,,,,,17.92809272,44.21096715,GSM/UMTS/LTE,1,1348,80,FUZZY_MEDIUM
